state,district,local_body_name,local_body_type,lgd_local_body_code
ANDAMAN AND NICOBAR ISLANDS,SOUTH ANDAMANS,Port Blair,Municipality,253098
ANDHRA PRADESH,PRAKASAM,Addanki,Town Panchayat,257868
ANDHRA PRADESH,KURNOOL,Adoni,Municipality,251792
ANDHRA PRADESH,WEST GODAVARI,AKIVEEDU,Town Panchayat,296256
ANDHRA PRADESH,KURNOOL,Allagadda,Town Panchayat,253272
ANDHRA PRADESH,SRIKAKULAM,Amadalavalasa,Town Panchayat,251699
ANDHRA PRADESH,EAST GODAVARI,Amalapuram,Municipality,251735
ANDHRA PRADESH,ANANTAPUR,ANANTAPUR,Municipal Corporation,248112
ANDHRA PRADESH,SPSR NELLORE,Atmakur,Municipality,258033
ANDHRA PRADESH,KURNOOL,Atmakur (Kurnool),Municipality,253270
ANDHRA PRADESH,Y.S.R.,BADVEL,Municipality,248111
ANDHRA PRADESH,GUNTUR,Bapatla,Municipality,251760
ANDHRA PRADESH,KURNOOL,BETHAMCHERLA,Town Panchayat,296260
ANDHRA PRADESH,WEST GODAVARI,Bhimavaram,Municipality,251741
ANDHRA PRADESH,VIZIANAGARAM,Bobbili,Municipality,251702
ANDHRA PRADESH,SPSR NELLORE,Buchireddypalem,Town Panchayat,296328
ANDHRA PRADESH,GUNTUR,Chilakaluripeta,Municipality,251756
ANDHRA PRADESH,PRAKASAM,chimakurthy,Town Panchayat,253274
ANDHRA PRADESH,PRAKASAM,Chirala,Municipality,251763
ANDHRA PRADESH,CHITTOOR,CHITTOOR,Municipal Corporation,248122
ANDHRA PRADESH,Y.S.R.,Cuddapah,Municipal Corporation,251782
ANDHRA PRADESH,GUNTUR,DACHEPALLI,Town Panchayat,296261
ANDHRA PRADESH,PRAKASAM,DARSI,Town Panchayat,296263
ANDHRA PRADESH,ANANTAPUR,DHARMAVARAM,Municipality,248115
ANDHRA PRADESH,KURNOOL,Dhone(M),Municipality,253169
ANDHRA PRADESH,WEST GODAVARI,Eluru,Municipal Corporation,251739
ANDHRA PRADESH,PRAKASAM,Giddalur,Town Panchayat,257869
ANDHRA PRADESH,EAST GODAVARI,Gollaprolu,Town Panchayat,277316
ANDHRA PRADESH,ANANTAPUR,Gooty,Municipality,251797
ANDHRA PRADESH,KRISHNA,Gudivada,Municipality,251747
ANDHRA PRADESH,SPSR NELLORE,GUDUR,Municipality,263068
ANDHRA PRADESH,KURNOOL,Gudur (kurnool),Town Panchayat,251773
ANDHRA PRADESH,ANANTAPUR,GUNTAKAL,Municipality,248113
ANDHRA PRADESH,GUNTUR,Guntur,Municipal Corporation,251757
ANDHRA PRADESH,GUNTUR,GURAJALA,Town Panchayat,296262
ANDHRA PRADESH,ANANTAPUR,HINDUPUR,Municipality,248118
ANDHRA PRADESH,SRIKAKULAM,Ichchapuram,Town Panchayat,251696
ANDHRA PRADESH,KRISHNA,Jaggiahpet,Municipality,277319
ANDHRA PRADESH,Y.S.R.,Jammalamadugu,Municipality,251780
ANDHRA PRADESH,WEST GODAVARI,Jangareddygudem,Municipality,257906
ANDHRA PRADESH,ANANTAPUR,KADIRI,Municipality,248116
ANDHRA PRADESH,EAST GODAVARI,Kakinada,Municipal Corporation,251731
ANDHRA PRADESH,ANANTAPUR,Kalyandurg,Municipality,251799
ANDHRA PRADESH,Y.S.R.,KAMALAPURAM,Town Panchayat,296259
ANDHRA PRADESH,PRAKASAM,Kandukur,Municipality,251768
ANDHRA PRADESH,PRAKASAM,kanigiri,Town Panchayat,253295
ANDHRA PRADESH,SPSR NELLORE,Kavali,Municipality,251770
ANDHRA PRADESH,KRISHNA,KONDAPALLI,Municipality,296264
ANDHRA PRADESH,WEST GODAVARI,Kovvur,Municipality,251736
ANDHRA PRADESH,CHITTOOR,KUPPAM,Municipality,296257
ANDHRA PRADESH,KURNOOL,Kurnool,Municipal Corporation,251789
ANDHRA PRADESH,GUNTUR,Macherla,Municipality,251751
ANDHRA PRADESH,KRISHNA,Machilipatnam Municipal Corporation,Municipal Corporation,251750
ANDHRA PRADESH,ANANTAPUR,Madakasira,Town Panchayat,253253
ANDHRA PRADESH,CHITTOOR,MADANAPALLI,Municipality,248119
ANDHRA PRADESH,EAST GODAVARI,Mandapeta,Municipality,251732
ANDHRA PRADESH,GUNTUR,Mangalagiri,Municipality,251752
ANDHRA PRADESH,PRAKASAM,Markapur,Municipality,251762
ANDHRA PRADESH,EAST GODAVARI,Mummidivaram,Town Panchayat,277315
ANDHRA PRADESH,Y.S.R.,Mydukur,Municipality,253297
ANDHRA PRADESH,CHITTOOR,NAGARI,Municipality,248125
ANDHRA PRADESH,SPSR NELLORE,Naidupeta,Municipality,257831
ANDHRA PRADESH,KRISHNA,Nandigama,Town Panchayat,254922
ANDHRA PRADESH,KURNOOL,Nandikotkur,Town Panchayat,253273
ANDHRA PRADESH,KURNOOL,Nandyal,Municipality,251795
ANDHRA PRADESH,WEST GODAVARI,Narasapur,Municipality,251742
ANDHRA PRADESH,GUNTUR,Narasaraopeta,Municipality,251755
ANDHRA PRADESH,VISAKHAPATANAM,Narsipatnam,Municipality,251716
ANDHRA PRADESH,VIZIANAGARAM,Nellimarla,Town Panchayat,251711
ANDHRA PRADESH,SPSR NELLORE,Nellore,Municipal Corporation,251772
ANDHRA PRADESH,WEST GODAVARI,Nidadavole,Municipality,251737
ANDHRA PRADESH,KRISHNA,Nuzvid,Municipality,251745
ANDHRA PRADESH,PRAKASAM,Ongole,Municipal Corporation,251766
ANDHRA PRADESH,WEST GODAVARI,Palacole,Municipality,251743
ANDHRA PRADESH,SRIKAKULAM,PALAKONDA,Town Panchayat,257967
ANDHRA PRADESH,CHITTOOR,PALAMANER,Municipality,248123
ANDHRA PRADESH,SRIKAKULAM,Palasa Kasibugga,Town Panchayat,251695
ANDHRA PRADESH,ANANTAPUR,Pamidi,Town Panchayat,253252
ANDHRA PRADESH,VIZIANAGARAM,Parvathipuram,Municipality,251701
ANDHRA PRADESH,KRISHNA,Pedana,Municipality,251749
ANDHRA PRADESH,EAST GODAVARI,Peddapuram,Municipality,251724
ANDHRA PRADESH,ANANTAPUR,PENUKONDA,Town Panchayat,296250
ANDHRA PRADESH,GUNTUR,Piduguralla,Municipality,253167
ANDHRA PRADESH,EAST GODAVARI,Pithapuram,Municipality,251728
ANDHRA PRADESH,GUNTUR,Ponnuru,Municipality,251759
ANDHRA PRADESH,Y.S.R.,Proddatur,Municipality,251778
ANDHRA PRADESH,Y.S.R.,Pulivendula,Municipality,253101
ANDHRA PRADESH,CHITTOOR,PUNGANUR,Municipality,248120
ANDHRA PRADESH,ANANTAPUR,Puttaparthi,Town Panchayat,253254
ANDHRA PRADESH,CHITTOOR,PUTTUR,Municipality,248126
ANDHRA PRADESH,EAST GODAVARI,Rajahmundry,Municipal Corporation,251725
ANDHRA PRADESH,SRIKAKULAM,Rajam,Town Panchayat,251698
ANDHRA PRADESH,Y.S.R.,Rajampet,Municipality,253102
ANDHRA PRADESH,EAST GODAVARI,Ramachandrapuram,Municipality,251733
ANDHRA PRADESH,Y.S.R.,Rayachoti,Municipality,251786
ANDHRA PRADESH,ANANTAPUR,RAYADURG,Municipality,248117
ANDHRA PRADESH,GUNTUR,Repalle,Municipality,251761
ANDHRA PRADESH,VIZIANAGARAM,Salur,Municipality,251703
ANDHRA PRADESH,EAST GODAVARI,Samalkot,Municipality,251727
ANDHRA PRADESH,GUNTUR,Sattenapalle,Municipality,251753
ANDHRA PRADESH,SRIKAKULAM,Srikakulam,Municipal Corporation,251700
ANDHRA PRADESH,CHITTOOR,SRIKALAHASTI,Municipality,248124
ANDHRA PRADESH,SPSR NELLORE,Sullurupeta,Municipality,253227
ANDHRA PRADESH,GUNTUR,Tadepalli,Municipality,253168
ANDHRA PRADESH,WEST GODAVARI,Tadepalligudem,Municipality,251738
ANDHRA PRADESH,ANANTAPUR,TADIPATRI,Municipality,248114
ANDHRA PRADESH,WEST GODAVARI,Tanuku,Municipality,251740
ANDHRA PRADESH,GUNTUR,Tenali,Municipality,251758
ANDHRA PRADESH,CHITTOOR,TIRUPATI,Municipal Corporation,248121
ANDHRA PRADESH,KRISHNA,Tiruvuru,Town Panchayat,254924
ANDHRA PRADESH,EAST GODAVARI,Tuni,Municipality,251722
ANDHRA PRADESH,SPSR NELLORE,Venkatagiri,Municipality,251774
ANDHRA PRADESH,KRISHNA,Vijayawada,Municipal Corporation,251746
ANDHRA PRADESH,GUNTUR,Vinukonda,Municipality,251754
ANDHRA PRADESH,VISAKHAPATANAM,Visakhapatnam,Municipal Corporation,251719
ANDHRA PRADESH,VIZIANAGARAM,Vizianagaram Municipal Corporation,Municipal Corporation,251709
ANDHRA PRADESH,KRISHNA,Vuyyuru,Town Panchayat,254923
ANDHRA PRADESH,VISAKHAPATANAM,Yelamanchili,Municipality,258054
ANDHRA PRADESH,EAST GODAVARI,Yeleswaram,Town Panchayat,277317
ANDHRA PRADESH,KURNOOL,Yemmiganur,Municipality,251787
ANDHRA PRADESH,Y.S.R.,Yerraguntla,Town Panchayat,251781
ARUNACHAL PRADESH,EAST SIANG,Along,Town Panchayat,249705
ARUNACHAL PRADESH,UPPER SIANG,Basar,Town Panchayat,249706
ARUNACHAL PRADESH,WEST KAMENG,Bomdila,Town Panchayat,249699
ARUNACHAL PRADESH,DIBANG VALLEY,Changlang,Town Panchayat,249711
ARUNACHAL PRADESH,LEPARADA,Daporijo,Town Panchayat,249704
ARUNACHAL PRADESH,NAMSAI,Deomali,Town Panchayat,249713
ARUNACHAL PRADESH,PAPUM PARE,Itanagar,Town Panchayat,249701
ARUNACHAL PRADESH,PAPUM PARE,ITANAGAR,Municipal Corporation,276621
ARUNACHAL PRADESH,LOWER DIBANG VALLEY,Jairampur,Town Panchayat,249712
ARUNACHAL PRADESH,NAMSAI,Khonsa,Town Panchayat,249714
ARUNACHAL PRADESH,PAPUM PARE,Naharlagun,Town Panchayat,249702
ARUNACHAL PRADESH,KURUNG KUMEY,Namsai,Town Panchayat,249710
ARUNACHAL PRADESH,CHANGLANG,Pasighat,Town Panchayat,249707
ARUNACHAL PRADESH,EAST SIANG,PASIGHAT,Municipality,276622
ARUNACHAL PRADESH,LOWER SUBANSIRI,Roing,Town Panchayat,249708
ARUNACHAL PRADESH,EAST KAMENG,Seppa,Town Panchayat,249700
ARUNACHAL PRADESH,TAWANG,Tawang,Town Panchayat,249698
ARUNACHAL PRADESH,KRA DAADI,Tezu,Town Panchayat,249709
ARUNACHAL PRADESH,LOWER SUBANSIRI,Ziro,Town Panchayat,249703
ASSAM,BONGAIGAON,Abhayapuri,Town Panchayat,249838
ASSAM,SIVASAGAR,Amguri,Municipality,249906
ASSAM,KARIMGANJ,Badarpur,Town Panchayat,249941
ASSAM,WEST KARBI ANGLONG,Bakulia,Town Panchayat,253264
ASSAM,GOLAGHAT,Barpathar,Town Panchayat,249922
ASSAM,BARPETA,Barpeta,Municipality,249843
ASSAM,BARPETA,Barpeta Road,Municipality,249841
ASSAM,CHIRANG,Basugaon,Town Panchayat,249823
ASSAM,LAKHIMPUR,Bihpuria,Municipality,249881
ASSAM,CHIRANG,Bijni,Town Panchayat,249839
ASSAM,KOKRAJHAR,Bilasipara,Town Panchayat,249829
ASSAM,Biswanath,Biswanath Chariali,Municipality,249879
ASSAM,WEST KARBI ANGLONG,Bokajan,Town Panchayat,249926
ASSAM,GOLAGHAT,Bokakhat,Municipality,277144
ASSAM,HAILAKANDI,Bongaigaon,Municipality,249836
ASSAM,DIBRUGARH,Chabua,Town Panchayat,249898
ASSAM,TINSUKIA,Chapakhowa,Town Panchayat,259861
ASSAM,KOKRAJHAR,Chapar,Town Panchayat,249831
ASSAM,SIVASAGAR,Demow,Town Panchayat,277146
ASSAM,GOLAGHAT,Dergaon,Municipality,249918
ASSAM,LAKHIMPUR,Dhakuakhana,Town Panchayat,253211
ASSAM,SONITPUR,Dhekiajuli,Municipality,249875
ASSAM,DHEMAJI,Dhemaji,Town Panchayat,249883
ASSAM,NAGAON,Dhing,Municipality,277145
ASSAM,DHUBRI,Dhubri,Municipality,249827
ASSAM,DIBRUGARH,Dibrugarh,Municipality,249896
ASSAM,TINSUKIA,Digboi,Town Panchayat,249890
ASSAM,WEST KARBI ANGLONG,Diphu,Town Panchayat,249925
ASSAM,HOJAI,Doboka,Town Panchayat,249871
ASSAM,KARBI ANGLONG,Dokmoka,Town Panchayat,249928
ASSAM,GOLAGHAT,Donkamokam,Town Panchayat,249924
ASSAM,TINSUKIA,Doom Dooma,Town Panchayat,249886
ASSAM,KOKRAJHAR,Gauripur,Town Panchayat,249826
ASSAM,GOALPARA,Goalpara,Municipality,249834
ASSAM,Biswanath,Gohpur,Town Panchayat,249880
ASSAM,GOLAGHAT,Golaghat,Municipality,249919
ASSAM,KOKRAJHAR,Golokganj,Town Panchayat,249825
ASSAM,BAKSA,Goreswar,Town Panchayat,277147
ASSAM,KOKRAJHAR,Gossaigaon,Town Panchayat,249821
ASSAM,KAMRUP METRO,Guwahati,Municipal Corporation,249854
ASSAM,DIMA HASAO,Haflong,Town Panchayat,249930
ASSAM,HAILAKANDI,Hailakandi,Municipality,249944
ASSAM,GOLAGHAT,Hamren,Town Panchayat,249923
ASSAM,HOJAI,Hojai,Municipality,249870
ASSAM,BARPETA,Howli,Town Panchayat,249844
ASSAM,KARBI ANGLONG,Howraghat,Town Panchayat,249927
ASSAM,SONITPUR,Jamugurihat MB,Municipality,296973
ASSAM,JORHAT,Jorhat,Municipality,249912
ASSAM,CHIRANG,KAJALGAON TC,Town Panchayat,296999
ASSAM,NAGAON,Kampur Town,Town Panchayat,249869
ASSAM,CACHAR,Karimganj,Municipality,249940
ASSAM,DARRANG,Kharupatia,Town Panchayat,249861
ASSAM,CACHAR,Lakhipur Municipality,Municipality,249939
ASSAM,HAILAKANDI,Lala,Town Panchayat,249945
ASSAM,KARBI ANGLONG,Langhin,Town Panchayat,277148
ASSAM,HOJAI,Lumding,Municipality,249872
ASSAM,DIMA HASAO,Mahur,Town Panchayat,249931
ASSAM,DIMA HASAO,Maibong,Town Panchayat,249932
ASSAM,MAJULI,Majuli,Town Panchayat,277149
ASSAM,TINSUKIA,Makum,Town Panchayat,249887
ASSAM,DARRANG,Mangaldoi,Municipality,249860
ASSAM,TINSUKIA,Margherita,Town Panchayat,249892
ASSAM,JORHAT,Mariani,Town Panchayat,249915
ASSAM,MARIGAON,Marigaon,Municipality,249864
ASSAM,SIVASAGAR,Moran Town,Town Panchayat,249902
ASSAM,NAGAON,Nagaon,Municipality,249866
ASSAM,DIBRUGARH,Naharkatiya,Town Panchayat,249903
ASSAM,NALBARI,Nalbari,Municipality,249858
ASSAM,DIBRUGARH,Namrup,Town Panchayat,249904
ASSAM,LAKHIMPUR,Narayanpur,Town Panchayat,253212
ASSAM,SIVASAGAR,Nazira,Municipality,249907
ASSAM,KAMRUP,North Guwahati,Town Panchayat,249855
ASSAM,LAKHIMPUR,North Lakhimpur,Municipality,249882
ASSAM,KAMRUP,Palasbari,Municipality,249851
ASSAM,BARPETA,Patacharkuchi,Town Panchayat,262892
ASSAM,BAJALI,Pathsala,Town Panchayat,249847
ASSAM,NAGAON,Raha,Town Panchayat,271990
ASSAM,KARIMGANJ,Ramkrishnanagar,Municipality,289553
ASSAM,KARIMGANJ,Ramkrishna Nagar,Town Panchayat,277150
ASSAM,SONITPUR,Rangapara,Town Panchayat,249876
ASSAM,BAKSA,Rangia,Municipality,277143
ASSAM,KOKRAJHAR,Sapatgram,Town Panchayat,249828
ASSAM,BARPETA,Sarbhog,Town Panchayat,249842
ASSAM,BARPETA,Sarthebari,Town Panchayat,249846
ASSAM,GOLAGHAT,Sarupathar,Town Panchayat,249921
ASSAM,SIVASAGAR,Sibsagar,Municipality,249905
ASSAM,DHEMAJI,Silapathar,Town Panchayat,249884
ASSAM,CACHAR,Silchar,Municipality,249933
ASSAM,SIVASAGAR,Simaluguri,Town Panchayat,253214
ASSAM,DARRANG,SIPAJHAR MB,Municipality,296992
ASSAM,CACHAR,Sonai,Town Panchayat,277152
ASSAM,CACHAR,Sonai,Municipality,289552
ASSAM,CHARAIDEO,Sonari,Municipality,249908
ASSAM,Biswanath,Sootea,Town Panchayat,277151
ASSAM,UDALGURI,Tangla,Town Panchayat,249859
ASSAM,JORHAT,TeokTC,Town Panchayat,263017
ASSAM,SONITPUR,Tezpur,Municipality,249877
ASSAM,KAMRUP METRO,Tihu,Town Panchayat,249857
ASSAM,TINSUKIA,Tinsukia,Municipality,249888
ASSAM,JORHAT,Titabor Town,Town Panchayat,249916
ASSAM,UDALGURI,Udalguri,Town Panchayat,249862
ASSAM,KARBI ANGLONG,Umrangso,Town Panchayat,249929
BIHAR,BHAGALPUR,Akbarnagar,Town Panchayat,299131
BIHAR,MADHEPURA,ALAMNAGAR,Town Panchayat,299227
BIHAR,KHAGARIA,ALAULI,Town Panchayat,299218
BIHAR,BHAGALPUR,Amarpur,Town Panchayat,249632
BIHAR,KATIHAR,AMDABAD,Town Panchayat,299208
BIHAR,PURNIA,AMOUR,Town Panchayat,299232
BIHAR,SIWAN,Andar,Town Panchayat,299134
BIHAR,ARARIA,Araria,Municipality,249587
BIHAR,PURBI CHAMPARAN,Areraj,Town Panchayat,249570
BIHAR,BHOJPUR,Arrah,Municipal Corporation,249659
BIHAR,ARWAL,ARWAL,Municipality,253281
BIHAR,NALANDA,Asthawan,Town Panchayat,299293
BIHAR,AURANGABAD,Aurangabad,Municipality,290025
BIHAR,PASHCHIM CHAMPARAN,Bagaha,Municipality,249562
BIHAR,KISHANGANJ,Bahadurganj,Town Panchayat,249589
BIHAR,DARBHANGA,BAHERI,Town Panchayat,299165
BIHAR,SITAMARHI,Bairgania,Town Panchayat,249573
BIHAR,BEGUSARAI,Bakhri,Municipality,277129
BIHAR,PATNA,Bakhtiyarpur,Municipality,277098
BIHAR,BEGUSARAI,Balia,Town Panchayat,277136
BIHAR,KATIHAR,BALRAMPUR,Town Panchayat,299212
BIHAR,BANKA,Banka,Municipality,249633
BIHAR,PURNIA,Banmankhi,Municipality,277133
BIHAR,PURNIA,Banmankhi,Municipality,299234
BIHAR,LAKHISARAI,Barahiya,Town Panchayat,249638
BIHAR,KATIHAR,BARARI,Town Panchayat,299211
BIHAR,GOPALGANJ,Barauli,Town Panchayat,277131
BIHAR,SHEIKHPURA,Barbigha,Municipality,277103
BIHAR,PATNA,Barh,Municipality,249656
BIHAR,SIWAN,Barharia,Town Panchayat,299143
BIHAR,KATIHAR,BARSOI,Town Panchayat,276406
BIHAR,AURANGABAD,BARUN,Town Panchayat,299118
BIHAR,SIWAN,Basantpur,Town Panchayat,299139
BIHAR,PURNIA,Bausi,Town Panchayat,299120
BIHAR,BHOJPUR,Behea,Town Panchayat,249661
BIHAR,KHAGARIA,BELDAUR,Town Panchayat,299214
BIHAR,SITAMARHI,Belsand,Town Panchayat,249574
BIHAR,MADHUBANI,BENIPATTI,Town Panchayat,299291
BIHAR,DARBHANGA,Benipur,Municipality,276642
BIHAR,PASHCHIM CHAMPARAN,Bettiah,Municipality,249564
BIHAR,KAIMUR (BHABUA),Bhabua,Municipality,249666
BIHAR,BHAGALPUR,Bhagalpur,Municipal Corporation,249630
BIHAR,DARBHANGA,BHARWARA,Town Panchayat,299170
BIHAR,PURNIA,Bhawanipur,Town Panchayat,299237
BIHAR,MADHEPURA,BIHARIGANJ,Town Panchayat,299224
BIHAR,NALANDA,Biharsharif,Municipal Corporation,249642
BIHAR,BEGUSARAI,Bihat,Municipality,276643
BIHAR,PATNA,Bihta,Municipality,299176
BIHAR,PATNA,Bikarm,Town Panchayat,276644
BIHAR,ROHTAS,Bikramganj,Municipality,249668
BIHAR,DARBHANGA,BIRAUL,Town Panchayat,299166
BIHAR,SUPAUL,Birpur,Town Panchayat,249583
BIHAR,GAYA,Bodh Gaya,Municipality,249683
BIHAR,BUXAR,Buxar,Municipality,249665
BIHAR,PURBI CHAMPARAN,Chakia,Municipality,249571
BIHAR,PURNIA,CHAMPANAGAR,Town Panchayat,299272
BIHAR,NALANDA,Chandi,Town Panchayat,299288
BIHAR,PASHCHIM CHAMPARAN,Chanpatia,Town Panchayat,249563
BIHAR,SARAN,Chapra,Municipal Corporation,249612
BIHAR,ROHTAS,CHENARI,Town Panchayat,299307
BIHAR,SHEIKHPURA,Chewara,Town Panchayat,299151
BIHAR,SAMASTIPUR,Dalsinghsarai,Municipality,249621
BIHAR,PATNA,Danapur,Municipality,249648
BIHAR,PATNA,Danapur,Municipal Council,277261
BIHAR,DARBHANGA,Darbhanga,Municipal Corporation,249600
BIHAR,AURANGABAD,Daudnagar,Municipality,249674
BIHAR,AURANGABAD,Deo,Town Panchayat,299117
BIHAR,PURBI CHAMPARAN,Dhaka,Municipality,249567
BIHAR,PURNIA,Dhamdaha,Town Panchayat,299236
BIHAR,SARAN,Dighwara,Town Panchayat,249614
BIHAR,ROHTAS,DINARA,Town Panchayat,299306
BIHAR,GAYA,DOBHI,Town Panchayat,299185
BIHAR,SITAMARHI,Dumra,Town Panchayat,249576
BIHAR,BUXAR,Dumraon,Municipality,249664
BIHAR,NALANDA,Ekangarsarai,Town Panchayat,299301
BIHAR,SARAN,Ekma Bazar,Town Panchayat,265438
BIHAR,GAYA,FATEHPUR,Town Panchayat,299188
BIHAR,PATNA,Fatuha,Municipality,249653
BIHAR,ARARIA,Forbesganj,Municipality,249586
BIHAR,VAISHALI,Garaul,Town Panchayat,299125
BIHAR,BHOJPUR,Garhani,Town Panchayat,299146
BIHAR,GAYA,Gaya,Municipal Corporation,249680
BIHAR,DARBHANGA,GHANSHYAMPUR,Town Panchayat,299174
BIHAR,MADHUBANI,Ghoghardiha,Town Panchayat,249581
BIHAR,NALANDA,Giriak,Town Panchayat,299285
BIHAR,KHAGARIA,Gogri Jamalpur,Municipality,249626
BIHAR,GOPALGANJ,Gopalganj,Municipality,249606
BIHAR,SIWAN,Guthani,Town Panchayat,299136
BIHAR,BHAGALPUR,Habibpur,Town Panchayat,299123
BIHAR,VAISHALI,Hajipur,Municipality,249617
BIHAR,NALANDA,Harnaut,Town Panchayat,276429
BIHAR,SIWAN,Hasanpura,Town Panchayat,299133
BIHAR,KAIMUR (BHABUA),HATA,Town Panchayat,299203
BIHAR,GOPALGANJ,Hathua,Town Panchayat,299138
BIHAR,MUNGER,Haveli Kharagpur,Town Panchayat,249636
BIHAR,MUNGER,Haweli Kharagpur,Municipality,299171
BIHAR,DARBHANGA,HAYAGHAT,Town Panchayat,299167
BIHAR,NALANDA,Hilsa,Municipality,249643
BIHAR,NAWADA,Hisua,Town Panchayat,249686
BIHAR,SIWAN,Hussainganj,Town Panchayat,299132
BIHAR,GAYA,IMAMGANJ,Town Panchayat,299186
BIHAR,NALANDA,Islampur,Town Panchayat,249644
BIHAR,BHOJPUR,Jagdishpur,Town Panchayat,249662
BIHAR,MADHUBANI,Jainagar,Town Panchayat,249578
BIHAR,SARAN,Jalalpur,Town Panchayat,299159
BIHAR,DARBHANGA,JALE,Town Panchayat,299168
BIHAR,MUNGER,Jamalpur,Municipality,249635
BIHAR,JAMUI,Jamui,Municipality,249687
BIHAR,SITAMARHI,Janakpur Road,Town Panchayat,249577
BIHAR,VAISHALI,JANDAHA,Town Panchayat,299273
BIHAR,JEHANABAD,Jehanabad,Municipality,249672
BIHAR,JAMUI,Jhajha,Town Panchayat,249688
BIHAR,MADHUBANI,Jhanjharpur,Town Panchayat,249580
BIHAR,ARARIA,Jogabani,Municipality,249585
BIHAR,ARARIA,JOKIHAT,Town Panchayat,299113
BIHAR,BHAGALPUR,Kahalgaon,Town Panchayat,277134
BIHAR,SAHARSA,Kahra,Town Panchayat,299162
BIHAR,JEHANABAD,KAKO,Town Panchayat,299200
BIHAR,DARBHANGA,KAMTAUL,Town Panchayat,299158
BIHAR,MUZAFFARPUR,Kanti,Town Panchayat,249602
BIHAR,ROHTAS,KARAKAT,Town Panchayat,299304
BIHAR,PURNIA,Kasba,Town Panchayat,249593
BIHAR,PURNIA,Kasba,Municipality,299233
BIHAR,GOPALGANJ,Kataiya,Town Panchayat,249604
BIHAR,KATIHAR,Katihar,Municipal Corporation,249595
BIHAR,BANKA,KATORIA,Town Panchayat,299121
BIHAR,PURBI CHAMPARAN,Kesaria,Town Panchayat,277126
BIHAR,KHAGARIA,Khagaria,Municipality,249625
BIHAR,PATNA,Khagaul,Municipality,249649
BIHAR,GAYA,KHIZARSARAI,Town Panchayat,299187
BIHAR,PATNA,Khusrupur,Town Panchayat,249654
BIHAR,KISHANGANJ,Kishanganj,Municipality,249590
BIHAR,ROHTAS,Koath,Town Panchayat,249667
BIHAR,ROHTAS,KOCHAS,Town Panchayat,276405
BIHAR,BHOJPUR,Koilwar,Town Panchayat,249660
BIHAR,KATIHAR,KORHA,Town Panchayat,299210
BIHAR,KAIMUR (BHABUA),KUDRA,Town Panchayat,299204
BIHAR,MUZAFFARPUR,Kurhani,Town Panchayat,299230
BIHAR,KATIHAR,KURSELA,Town Panchayat,299209
BIHAR,ARWAL,Kurtha,Town Panchayat,299116
BIHAR,DARBHANGA,KUSHESWAR ASTHAN EAST,Town Panchayat,299153
BIHAR,LAKHISARAI,Lakhisarai,Municipality,249639
BIHAR,VAISHALI,Lalganj,Town Panchayat,249616
BIHAR,MADHEPURA,Madhepura,Municipality,249597
BIHAR,MADHUBANI,Madhubani,Municipal Corporation,249579
BIHAR,SIWAN,Maharajganj,Town Panchayat,249609
BIHAR,VAISHALI,Mahnar,Municipality,249618
BIHAR,VAISHALI,Mahua,Municipality,277125
BIHAR,SIWAN,Mairwa,Town Panchayat,249610
BIHAR,JEHANABAD,Makhdumpur,Town Panchayat,249673
BIHAR,PATNA,Maner,Town Panchayat,249647
BIHAR,KATIHAR,Manihari,Town Panchayat,249596
BIHAR,SARAN,Manjhi,Town Panchayat,299156
BIHAR,KHAGARIA,MANSI,Town Panchayat,299216
BIHAR,SARAN,Marhaura,Town Panchayat,249613
BIHAR,PATNA,Masaurhi,Municipality,249652
BIHAR,SARAN,Mashrakh,Town Panchayat,299157
BIHAR,PURBI CHAMPARAN,Mehsi,Town Panchayat,277128
BIHAR,MUZAFFARPUR,Minapur,Town Panchayat,299223
BIHAR,GOPALGANJ,Mirganj,Municipality,249605
BIHAR,PURNIA,MIRGANJ,Town Panchayat,299271
BIHAR,KAIMUR (BHABUA),Mohaniya,Town Panchayat,276648
BIHAR,PATNA,Mokama,Municipality,249657
BIHAR,PURBI CHAMPARAN,Motihari,Municipal Corporation,249568
BIHAR,MUZAFFARPUR,Motipur,Town Panchayat,249601
BIHAR,MUNGER,Munger,Municipal Corporation,249634
BIHAR,MADHEPURA,Murliganj,Town Panchayat,249598
BIHAR,MUZAFFARPUR,Muzaffarpur,Municipal Corporation,249603
BIHAR,AURANGABAD,Nabinagar,Town Panchayat,249678
BIHAR,NALANDA,Nalanda,Town Panchayat,299454
BIHAR,PASHCHIM CHAMPARAN,Narkatiaganj,Municipality,249561
BIHAR,ARARIA,Narpatganj,Town Panchayat,299112
BIHAR,ROHTAS,Nasriganj,Town Panchayat,276646
BIHAR,PATNA,Naubatpur,Town Panchayat,276645
BIHAR,BHAGALPUR,Naugachhia,Municipality,249627
BIHAR,SAHARSA,Nauhatta,Town Panchayat,299160
BIHAR,NAWADA,Nawada,Municipality,249684
BIHAR,SUPAUL,Nirmali,Town Panchayat,249582
BIHAR,ROHTAS,Nokha,Municipality,249669
BIHAR,NALANDA,Noorsarai,Town Panchayat,299337
BIHAR,PURBI CHAMPARAN,Pakri Dayal,Town Panchayat,277127
BIHAR,PATNA,Paliganj,Town Panchayat,299205
BIHAR,NALANDA,Parbalpur,Town Panchayat,299296
BIHAR,KHAGARIA,PARBATTA,Town Panchayat,299215
BIHAR,SARAN,Parsa Bazar,Town Panchayat,265437
BIHAR,VAISHALI,PATEPUR,Town Panchayat,299127
BIHAR,PATNA,Patna,Municipal Corporation,249650
BIHAR,KISHANGANJ,PAUAKHALI,Town Panchayat,299298
BIHAR,MADHUBANI,PHULPARAS,Town Panchayat,299284
BIHAR,PATNA,Phulwari Sharif,Municipality,249651
BIHAR,SUPAUL,PIPRA,Town Panchayat,299129
BIHAR,BHOJPUR,Piro,Municipality,249663
BIHAR,BHAGALPUR,PIRPAINTI,Town Panchayat,299135
BIHAR,PATNA,Punpun,Town Panchayat,299196
BIHAR,SITAMARHI,Pupri,Municipality,299149
BIHAR,PURNIA,Purnea,Municipal Corporation,249592
BIHAR,AURANGABAD,Rafiganj,Town Panchayat,249675
BIHAR,SUPAUL,Raghopur,Town Panchayat,299130
BIHAR,NALANDA,Rahui,Town Panchayat,299300
BIHAR,NALANDA,Rajgir,Town Panchayat,249645
BIHAR,NALANDA,Rajgir,Municipality,299316
BIHAR,KAIMUR (BHABUA),RAMGARH,Town Panchayat,299206
BIHAR,PASHCHIM CHAMPARAN,Ramnagar,Town Panchayat,249560
BIHAR,ARARIA,Raniganj,Town Panchayat,299114
BIHAR,PURBI CHAMPARAN,Raxaul,Municipality,249565
BIHAR,SARAN,Rivilganj,Town Panchayat,249611
BIHAR,ROHTAS,ROHTAS,Town Panchayat,299310
BIHAR,SAMASTIPUR,Rosera,Municipality,249622
BIHAR,PURNIA,Rupauli,Town Panchayat,299238
BIHAR,BHAGALPUR,Sabour,Town Panchayat,299126
BIHAR,SAHARSA,Saharsa,Municipality,249599
BIHAR,MUZAFFARPUR,sahebganj,Town Panchayat,253219
BIHAR,MUZAFFARPUR,Sakra,Town Panchayat,299240
BIHAR,SAMASTIPUR,Samastipur,Municipal Corporation,249619
BIHAR,PATNA,Sampatchak,Municipality,299178
BIHAR,SAMASTIPUR,Sarairanjan,Town Panchayat,299173
BIHAR,MUZAFFARPUR,Saraiya,Town Panchayat,299228
BIHAR,NALANDA,Sarmera,Town Panchayat,299297
BIHAR,ROHTAS,Sasaram,Municipal Corporation,249670
BIHAR,BHOJPUR,Shahpur,Town Panchayat,249658
BIHAR,SAMASTIPUR,SHAHPUR PATORI,Municipality,299229
BIHAR,SHEIKHPURA,Sheikhopur Sarai,Town Panchayat,299150
BIHAR,SHEIKHPURA,Sheikhpura,Municipality,249641
BIHAR,SHEOHAR,Sheohar,Town Panchayat,249572
BIHAR,SHEOHAR,Sheohar,Municipality,299145
BIHAR,GAYA,Sherghati,Municipality,249682
BIHAR,JAMUI,SIKANDRA,Town Panchayat,299198
BIHAR,NALANDA,Silao,Town Panchayat,249646
BIHAR,SAHARSA,Simari Bakhtiyarpur,Town Panchayat,277132
BIHAR,SAHARSA,Simri Bakhtiarpur,Municipality,299164
BIHAR,MADHEPURA,SINGHESHWAR,Town Panchayat,299225
BIHAR,SAMASTIPUR,singhia,Town Panchayat,299195
BIHAR,DARBHANGA,SINGHWARA,Town Panchayat,299172
BIHAR,SITAMARHI,Sitamarhi,Municipality,249575
BIHAR,SIWAN,Siwan,Municipality,249608
BIHAR,SAHARSA,Sonbarsa,Town Panchayat,299161
BIHAR,SARAN,Sonepur,Town Panchayat,249615
BIHAR,SAHARSA,Sour Bazar,Town Panchayat,299163
BIHAR,PURBI CHAMPARAN,Sugauli,Town Panchayat,249566
BIHAR,BHAGALPUR,Sultanganj,Municipality,249629
BIHAR,SUPAUL,Supaul,Municipality,249584
BIHAR,SITAMARHI,Sursand,Town Panchayat,290059
BIHAR,LAKHISARAI,Suryagadha,Municipality,299148
BIHAR,SAMASTIPUR,TAJPUR,Municipality,299448
BIHAR,MUNGER,Tarapur,Town Panchayat,299175
BIHAR,BEGUSARAI,Teghara,Town Panchayat,277130
BIHAR,GAYA,Tekari,Municipality,249679
BIHAR,KISHANGANJ,Thakurganj,Town Panchayat,249588
BIHAR,SUPAUL,TRIBENIGANJ,Municipality,299128
BIHAR,MADHEPURA,UDAKISHUNGANJ,Municipality,299226
BIHAR,NAWADA,Warisaliganj,Town Panchayat,249685
BIHAR,GAYA,WAZIRGANJ,Town Panchayat,299189
CHANDIGARH,CHANDIGARH,CHANDIGARH,Municipal Corporation,276386
CHHATTISGARH,DHAMTARI,Aamdi,Town Panchayat,253106
CHHATTISGARH,RAIPUR,Abhanpur,Town Panchayat,253177
CHHATTISGARH,JANJGIR-CHAMPA,Adbhar,Town Panchayat,253289
CHHATTISGARH,DURG,Ahiwara,Municipality,250635
CHHATTISGARH,JANJGIR-CHAMPA,Akaltara,Municipality,250603
CHHATTISGARH,RAJNANDGAON,Ambagarh Chowki,Town Panchayat,250631
CHHATTISGARH,SURGUJA,Ambikapur,Municipal Corporation,250588
CHHATTISGARH,KANKER,Antagarh,Town Panchayat,253248
CHHATTISGARH,RAIPUR,Arang,Municipality,250650
CHHATTISGARH,BALOD,Arjunda,Town Panchayat,253155
CHHATTISGARH,DANTEWADA,Bade Bacheli,Municipality,250670
CHHATTISGARH,MAHASAMUND,Bagbahara,Municipality,250662
CHHATTISGARH,JASHPUR,Bagicha,Town Panchayat,253200
CHHATTISGARH,KOREA,Baikunthpur,Municipality,250579
CHHATTISGARH,BALOD,Balod,Municipality,250642
CHHATTISGARH,JANJGIR-CHAMPA,Baloda,Town Panchayat,250601
CHHATTISGARH,BALODA BAZAR,Baloda Bazar,Municipality,250648
CHHATTISGARH,BALRAMPUR,Balrampur,Municipality,253119
CHHATTISGARH,RAIGARH,Baramkela,Town Panchayat,253276
CHHATTISGARH,DANTEWADA,Barsoor,Town Panchayat,253215
CHHATTISGARH,MAHASAMUND,Basna,Town Panchayat,250658
CHHATTISGARH,BASTAR,Bastar,Town Panchayat,248143
CHHATTISGARH,BEMETARA,Bemetara,Municipality,250632
CHHATTISGARH,BEMETARA,Berla,Town Panchayat,253152
CHHATTISGARH,BIJAPUR,BHAIRAMGARH,Town Panchayat,253245
CHHATTISGARH,DHAMTARI,Bhakhara,Town Panchayat,253107
CHHATTISGARH,KANKER,Bhanupratappur,Town Panchayat,253145
CHHATTISGARH,BALODA BAZAR,Bhatapara,Municipality,250651
CHHATTISGARH,BALODA BAZAR,Bhatgaon,Town Panchayat,253114
CHHATTISGARH,SURAJPUR,Bhatgaon,Town Panchayat,253183
CHHATTISGARH,DURG,Bhilai,Municipal Corporation,250639
CHHATTISGARH,DURG,Bhilai Charoda,Municipal Corporation,250638
CHHATTISGARH,BIJAPUR,BHOPALPATNAM,Town Panchayat,253246
CHHATTISGARH,BIJAPUR,BIJAPUR,Municipality,253244
CHHATTISGARH,BALODA BAZAR,Bilaigarh,Town Panchayat,250656
CHHATTISGARH,BILASPUR,Bilaspur,Municipal Corporation,250616
CHHATTISGARH,BILASPUR,Bilha,Town Panchayat,250622
CHHATTISGARH,RAIPUR,Birgaon,Municipal Corporation,253179
CHHATTISGARH,KABIRDHAM,BODLA,Town Panchayat,273466
CHHATTISGARH,BILASPUR,Bodri,Town Panchayat,250621
CHHATTISGARH,JANJGIR-CHAMPA,Champa,Municipality,250605
CHHATTISGARH,RAIPUR,Chandkhuri,Town Panchayat,298991
CHHATTISGARH,JANJGIR-CHAMPA,CHANDRAPUR,Town Panchayat,253285
CHHATTISGARH,KANKER,Charama,Town Panchayat,253144
CHHATTISGARH,RAJNANDGAON,Chhuikhadan,Town Panchayat,250626
CHHATTISGARH,RAJNANDGAON,Chhuriya,Town Panchayat,253112
CHHATTISGARH,BALOD,Chikhlakasa,Town Panchayat,253157
CHHATTISGARH,KOREA,Chirimiri,Municipal Corporation,250578
CHHATTISGARH,KORBA,Churikala,Town Panchayat,253111
CHHATTISGARH,GARIYABAND,Churra,Town Panchayat,253181
CHHATTISGARH,BALOD,Dalli Rajhara,Municipality,250643
CHHATTISGARH,DANTEWADA,Dantewada,Municipality,250669
CHHATTISGARH,BEMETARA,Devkar,Town Panchayat,253151
CHHATTISGARH,JANJGIR-CHAMPA,DHABHARA,Town Panchayat,253286
CHHATTISGARH,DURG,Dhamdha,Town Panchayat,250634
CHHATTISGARH,DHAMTARI,DHAMTARI,Municipal Corporation,248062
CHHATTISGARH,RAIGARH,Dharamjaigarh,Town Panchayat,250592
CHHATTISGARH,KORBA,Dipka,Municipality,250599
CHHATTISGARH,BALOD,Dondi,Town Panchayat,253156
CHHATTISGARH,BALOD,Dondilohara,Town Panchayat,253159
CHHATTISGARH,RAJNANDGAON,Dongargaon,Town Panchayat,250630
CHHATTISGARH,RAJNANDGAON,Dongargarh,Municipality,250628
CHHATTISGARH,SUKMA,Dornapal,Town Panchayat,253218
CHHATTISGARH,DURG,Durg,Municipal Corporation,250640
CHHATTISGARH,GARIYABAND,Fingeswar,Town Panchayat,253180
CHHATTISGARH,RAJNANDGAON,Gandai,Town Panchayat,250625
CHHATTISGARH,GARIYABAND,Gariabandh,Municipality,253182
CHHATTISGARH,Gaurella Pendra Marwahi,Gaurella,Town Panchayat,250610
CHHATTISGARH,DANTEWADA,Geedam,Town Panchayat,250668
CHHATTISGARH,RAIGARH,Gharghoda,Town Panchayat,250593
CHHATTISGARH,RAIPUR,Gobra Nawapara,Municipality,250649
CHHATTISGARH,BALOD,Gunderdehi,Town Panchayat,253154
CHHATTISGARH,BALOD,Gurur,Town Panchayat,253158
CHHATTISGARH,BASTAR,Jagdalpur,Municipal Corporation,250665
CHHATTISGARH,JANJGIR-CHAMPA,JAIJAIPUR,Town Panchayat,253284
CHHATTISGARH,DURG,Jamul,Municipality,250636
CHHATTISGARH,SURAJPUR,Jarhi,Town Panchayat,253115
CHHATTISGARH,JASHPUR,Jashpur,Municipality,250590
CHHATTISGARH,KOREA,Jhagrakhand,Town Panchayat,250582
CHHATTISGARH,KANKER,Kanker,Municipality,250663
CHHATTISGARH,BALODA BAZAR,Kasdol,Town Panchayat,250645
CHHATTISGARH,KORBA,Katghora,Municipality,250597
CHHATTISGARH,KABIRDHAM,Kawardha,Municipality,250623
CHHATTISGARH,KONDAGAON,Keshkal,Town Panchayat,248063
CHHATTISGARH,RAJNANDGAON,Khairagarh municipality,Municipality,262094
CHHATTISGARH,JANJGIR-CHAMPA,Kharod,Town Panchayat,250608
CHHATTISGARH,RAIPUR,Kharora,Town Panchayat,250652
CHHATTISGARH,RAIGARH,Kharsia,Municipality,250595
CHHATTISGARH,KOREA,Khongapani,Town Panchayat,250581
CHHATTISGARH,DANTEWADA,Kirandul,Municipality,250671
CHHATTISGARH,RAIGARH,Kirodimal Nagar,Town Panchayat,253280
CHHATTISGARH,KONDAGAON,Kondagaon,Municipality,250664
CHHATTISGARH,SUKMA,Konta,Town Panchayat,253217
CHHATTISGARH,KORBA,Korba,Municipal Corporation,250598
CHHATTISGARH,BILASPUR,Kota,Town Panchayat,250613
CHHATTISGARH,JASHPUR,Kotba,Town Panchayat,253199
CHHATTISGARH,DURG,Kumhari,Municipality,250637
CHHATTISGARH,JASHPUR,Kunkuri,Town Panchayat,253198
CHHATTISGARH,RAIPUR,Kurra,Town Panchayat,250646
CHHATTISGARH,DHAMTARI,KURUD,Town Panchayat,248061
CHHATTISGARH,BALRAMPUR,Kusmi,Town Panchayat,253118
CHHATTISGARH,RAIGARH,Lailunga,Town Panchayat,253279
CHHATTISGARH,SURGUJA,Lakhanpur,Town Panchayat,253121
CHHATTISGARH,BALODA BAZAR,Lavan,Town Panchayat,253184
CHHATTISGARH,MUNGELI,Lormi,Town Panchayat,250611
CHHATTISGARH,DHAMTARI,Magarlod,Town Panchayat,253108
CHHATTISGARH,MAHASAMUND,Mahasamund,Municipality,250661
CHHATTISGARH,BILASPUR,Malhar,Town Panchayat,253174
CHHATTISGARH,RAIPUR,Mana Camp,Town Panchayat,250655
CHHATTISGARH,RAIPUR,Mandir Hasoud,Town Panchayat,298992
CHHATTISGARH,KOREA,Manendragarh,Municipality,250580
CHHATTISGARH,BEMETARA,Maro,Town Panchayat,253160
CHHATTISGARH,MUNGELI,Mungeli,Municipality,250614
CHHATTISGARH,DHAMTARI,Nagri,Town Panchayat,253109
CHHATTISGARH,KOREA,Nai ladri,Town Panchayat,253220
CHHATTISGARH,JANJGIR-CHAMPA,Naila Janjgir,Municipality,250602
CHHATTISGARH,NARAYANPUR,Narayanpur,Municipality,248064
CHHATTISGARH,KANKER,Narharpur,Town Panchayat,253249
CHHATTISGARH,BEMETARA,Nawagarh,Town Panchayat,253148
CHHATTISGARH,JANJGIR-CHAMPA,NAWAGARH,Town Panchayat,253283
CHHATTISGARH,JANJGIR-CHAMPA,Naya Baradwar,Town Panchayat,250607
CHHATTISGARH,KANKER,Pakhajur,Town Panchayat,253146
CHHATTISGARH,BALODA BAZAR,Palari,Town Panchayat,250647
CHHATTISGARH,KORBA,Pali,Town Panchayat,253110
CHHATTISGARH,KABIRDHAM,Pandariya,Town Panchayat,250624
CHHATTISGARH,KABIRDHAM,PANDATARAI,Town Panchayat,273467
CHHATTISGARH,BEMETARA,Parpodi,Town Panchayat,253150
CHHATTISGARH,DURG,Patan,Town Panchayat,250641
CHHATTISGARH,JASHPUR,Pathalgaon,Town Panchayat,250591
CHHATTISGARH,MUNGELI,Pathariya,Town Panchayat,253172
CHHATTISGARH,Gaurella Pendra Marwahi,Pendra,Town Panchayat,250609
CHHATTISGARH,KONDAGAON,PHARSGAON,Town Panchayat,265121
CHHATTISGARH,KABIRDHAM,PIPARIYA,Town Panchayat,273465
CHHATTISGARH,MAHASAMUND,Pithora,Town Panchayat,250660
CHHATTISGARH,SURAJPUR,Pratappur,Town Panchayat,253123
CHHATTISGARH,SURAJPUR,Premnagar,Town Panchayat,253191
CHHATTISGARH,RAIGARH,Pussore,Town Panchayat,253278
CHHATTISGARH,JANJGIR-CHAMPA,RAHOUD,Town Panchayat,253288
CHHATTISGARH,RAIGARH,Raigarh,Municipal Corporation,250594
CHHATTISGARH,RAIPUR,Raipur,Municipal Corporation,250653
CHHATTISGARH,GARIYABAND,Rajim,Town Panchayat,253178
CHHATTISGARH,RAJNANDGAON,Rajnandgaon,Municipal Corporation,250629
CHHATTISGARH,BALRAMPUR,Rajpur,Town Panchayat,253117
CHHATTISGARH,BALRAMPUR,Ramanujganj,Town Panchayat,250583
CHHATTISGARH,BILASPUR,Ratanpur,Municipality,250612
CHHATTISGARH,DURG,Risali,Municipal Corporation,296874
CHHATTISGARH,BEMETARA,Saja,Town Panchayat,253149
CHHATTISGARH,JANJGIR-CHAMPA,Sakti,Municipality,250606
CHHATTISGARH,RAIPUR,Samoda,Town Panchayat,298990
CHHATTISGARH,JANJGIR-CHAMPA,SARAGAON,Town Panchayat,253287
CHHATTISGARH,MAHASAMUND,Saraipali,Municipality,250659
CHHATTISGARH,RAIGARH,Sarangarh,Municipality,250596
CHHATTISGARH,MUNGELI,Sargaon,Town Panchayat,253176
CHHATTISGARH,RAIGARH,Saria,Town Panchayat,253277
CHHATTISGARH,KOREA,Shivpur charcha,Municipality,259685
CHHATTISGARH,JANJGIR-CHAMPA,Shivrinarayan,Town Panchayat,250604
CHHATTISGARH,BALODA BAZAR,Simga,Town Panchayat,250644
CHHATTISGARH,SURGUJA,Sitapur,Town Panchayat,253120
CHHATTISGARH,KABIRDHAM,S.LOHARA,Town Panchayat,273468
CHHATTISGARH,SUKMA,Sukma,Municipality,253216
CHHATTISGARH,SURAJPUR,Surajpur,Municipality,250585
CHHATTISGARH,BILASPUR,Takhatpur,Municipality,250615
CHHATTISGARH,BEMETARA,Than Khamharia,Town Panchayat,250633
CHHATTISGARH,RAIPUR,Tilda Newra,Municipality,250657
CHHATTISGARH,MAHASAMUND,Tumgaon,Town Panchayat,253105
CHHATTISGARH,BALODA BAZAR,Tundra,Town Panchayat,250654
CHHATTISGARH,DURG,Utai,Town Panchayat,253153
CHHATTISGARH,SURAJPUR,Vishrampur,Town Panchayat,250586
CHHATTISGARH,BALRAMPUR,Wadrafnagar,Town Panchayat,253116
DELHI,NEW DELHI,Delhi Cantonment Board,Municipal Council,276403
DELHI,NORTH EAST,East Delhi Municipal Corporation,Municipal Corporation,276400
DELHI,NEW DELHI,New Delhi Municipal Council,NCT Municipal Council,276447
DELHI,NORTH WEST,North Delhi Municipal Corporation,Municipal Corporation,276401
DELHI,South East,South Delhi Municipal Corporation,Municipal Corporation,276402
GOA,NORTH GOA,Bicholim,Municipality,252075
GOA,SOUTH GOA,Canacona,Municipality,252100
GOA,NORTH GOA,City Corporation Panaji,Municipal Corporation,252071
GOA,SOUTH GOA,Cuncolim,Municipality,252095
GOA,SOUTH GOA,Curchorem Cacora,Municipality,252096
GOA,NORTH GOA,Mapusa,Municipality,252061
GOA,SOUTH GOA,Margao,Municipality,252087
GOA,SOUTH GOA,Mormugao,Municipality,252084
GOA,NORTH GOA,Pernem,Municipality,252057
GOA,SOUTH GOA,Ponda,Municipality,252082
GOA,SOUTH GOA,Quepem,Municipality,252097
GOA,SOUTH GOA,Sanguem,Municipality,252099
GOA,NORTH GOA,Sanquelim,Municipality,252077
GOA,NORTH GOA,Valpoi,Municipality,252079
GUJARAT,AHMADABAD,Ahmadabad,Municipal Corporation,251096
GUJARAT,AHMADABAD,Ahmadabad,Municipal Council,277284
GUJARAT,BHARUCH,Amod,Municipality,253223
GUJARAT,AMRELI,Amreli,Municipality,251157
GUJARAT,ANAND,Anand,Municipality,251174
GUJARAT,KACHCHH,Anjar,Municipality,251046
GUJARAT,ANAND,Anklav,Municipality,251182
GUJARAT,BHARUCH,Anklesvar,Municipality,251225
GUJARAT,AMRELI,Babra,Municipality,253147
GUJARAT,AMRELI,Bagasara,Municipality,251158
GUJARAT,Mahisagar,Balasinor,Municipality,251184
GUJARAT,JUNAGADH,Bantwa,Municipality,251143
GUJARAT,SURAT,Bardoli,Municipality,251243
GUJARAT,AHMADABAD,Bareja,Municipality,277165
GUJARAT,BOTAD,Barwala,Municipality,253241
GUJARAT,AHMADABAD,Bavla,Municipality,251109
GUJARAT,ARVALLI,Bayad,Municipality,253127
GUJARAT,BANAS KANTHA,Bhabhar,Municipality,253103
GUJARAT,KACHCHH,Bhachau,Municipality,251045
GUJARAT,DEVBHUMI DWARKA,Bhanvad,Municipality,251136
GUJARAT,BHARUCH,Bharuch,Municipality,251222
GUJARAT,BHAVNAGAR,Bhavnagar,Municipal Corporation,251165
GUJARAT,RAJKOT,Bhayavadar,Municipality,251123
GUJARAT,KACHCHH,Bhuj,Municipality,251047
GUJARAT,NAVSARI,Bilimora,Municipality,251251
GUJARAT,ANAND,Boriavi,Municipality,251172
GUJARAT,ANAND,Borsad,Municipality,251180
GUJARAT,BOTAD,Botad,Municipality,251163
GUJARAT,KHEDA,Chaklasi,Municipality,251188
GUJARAT,AMRELI,Chalala,Municipality,251159
GUJARAT,PATAN,Chanasma,Municipality,251062
GUJARAT,CHHOTAUDEPUR,Chhota Udaipur,Municipality,251211
GUJARAT,JUNAGADH,Chorvad,Municipality,251151
GUJARAT,SURENDRANAGAR,Chotila,Municipality,253137
GUJARAT,VADODARA,Dabhoi,Municipality,251213
GUJARAT,DOHAD,Dahod,Municipality,251199
GUJARAT,KHEDA,Dakor,Municipality,251190
GUJARAT,AMRELI,Damnagar,Municipality,251156
GUJARAT,BANAS KANTHA,Deesa,Municipality,251057
GUJARAT,GANDHINAGAR,Dehgam,Municipality,251088
GUJARAT,DOHAD,Devgadbaria,Municipality,251200
GUJARAT,AHMADABAD,Dhandhuka,Municipality,251110
GUJARAT,BANAS KANTHA,Dhanera,Municipality,251053
GUJARAT,VALSAD,Dharampur,Municipality,251261
GUJARAT,AHMADABAD,Dholka,Municipality,251108
GUJARAT,RAJKOT,Dhoraji,Municipality,251125
GUJARAT,SURENDRANAGAR,Dhrangadhra,Municipality,251112
GUJARAT,JAMNAGAR,Dhrol,Municipality,251134
GUJARAT,DEVBHUMI DWARKA,Dwarka,Municipality,251129
GUJARAT,BOTAD,Gadhada,Municipality,251164
GUJARAT,NAVSARI,Gandevi,Municipality,251249
GUJARAT,KACHCHH,Gandhidham,Municipality,251050
GUJARAT,GANDHINAGAR,Gandhinagar,Municipal Corporation,276440
GUJARAT,BHAVNAGAR,Gariadhar,Municipality,251167
GUJARAT,PANCH MAHALS,Godhra,Municipality,251193
GUJARAT,RAJKOT,Gondal,Municipality,251122
GUJARAT,PANCH MAHALS,Halol,Municipality,251196
GUJARAT,MORBI,Halvad,Municipality,251111
GUJARAT,PATAN,Harij,Municipality,251061
GUJARAT,SABAR KANTHA,Himatnagar Seva Sadan,Municipality,251074
GUJARAT,SABAR KANTHA,Idar,Municipality,251072
GUJARAT,AMRELI,Jafrabad,Municipality,251161
GUJARAT,BHARUCH,Jambusar,Municipality,251219
GUJARAT,JAMNAGAR,Jamjodhpur,Municipality,251137
GUJARAT,JAMNAGAR,Jamnagar,Municipal Corporation,251133
GUJARAT,JAMNAGAR,Jamraval,Municipality,253143
GUJARAT,RAJKOT,Jasdan,Municipality,251121
GUJARAT,RAJKOT,Jetpur Navagadh,Municipality,251126
GUJARAT,DOHAD,Jhalod,Municipality,251197
GUJARAT,JUNAGADH,Junagadh,Municipal Corporation,251147
GUJARAT,PANCH MAHALS,Kaalol,Municipality,251194
GUJARAT,MAHESANA,Kadi,Municipality,251070
GUJARAT,SURAT,Kadodara,Municipality,276024
GUJARAT,JAMNAGAR,Kalavad,Municipality,251135
GUJARAT,GANDHINAGAR,Kalol,Municipality,251081
GUJARAT,KHEDA,Kanjajari,Municipality,253226
GUJARAT,KHEDA,Kapadvanj,Municipality,251183
GUJARAT,ANAND,Karamsad,Municipality,251176
GUJARAT,VADODARA,Karjan,Municipality,251215
GUJARAT,KHEDA,Kathlal,Municipality,253225
GUJARAT,JUNAGADH,Keshod,Municipality,251149
GUJARAT,DEVBHUMI DWARKA,Khambhalia,Municipality,251131
GUJARAT,ANAND,Khambhat,Municipality,251179
GUJARAT,KHEDA,Kheda,Municipality,251186
GUJARAT,SABAR KANTHA,Khedbrahma,Municipality,251071
GUJARAT,MAHESANA,Kheralu,Municipality,251063
GUJARAT,GIR SOMNATH,Kodinar,Municipality,251153
GUJARAT,PORBANDAR,Kutiyana,Municipality,251142
GUJARAT,AMRELI,Lathi,Municipality,251155
GUJARAT,SURENDRANAGAR,Limbdi,Municipality,251117
GUJARAT,Mahisagar,Lunawada,Municipality,251192
GUJARAT,MAHESANA,Mahesana,Municipality,251068
GUJARAT,KHEDA,Mahudha,Municipality,251189
GUJARAT,BHAVNAGAR,Mahuva,Municipality,251170
GUJARAT,MORBI,Maliya Miyana,Municipality,253135
GUJARAT,JUNAGADH,Manavadar,Municipality,251144
GUJARAT,SURAT,Mandvi,Municipality,251048
GUJARAT,KACHCHH,Mandvi Kachchh,Municipality,277169
GUJARAT,JUNAGADH,Mangrol,Municipality,251150
GUJARAT,GANDHINAGAR,Mansa,Municipality,251082
GUJARAT,KHEDA,Mehmedabad,Municipality,251185
GUJARAT,ARVALLI,Modasa,Municipality,251077
GUJARAT,MORBI,Morbi,Municipality,251118
GUJARAT,KACHCHH,Mundra-Baroi,Municipality,297099
GUJARAT,KHEDA,Nadiad,Municipality,251187
GUJARAT,NAVSARI,Navsari-Vijalpor,Municipality,251245
GUJARAT,ANAND,Ode,Municipality,251173
GUJARAT,DEVBHUMI DWARKA,Okha,Municipality,251127
GUJARAT,VADODARA,Padra,Municipality,251214
GUJARAT,BANAS KANTHA,Palanpur,Municipality,251055
GUJARAT,BHAVNAGAR,Palitana,Municipality,251168
GUJARAT,VALSAD,Pardi,Municipality,251262
GUJARAT,PATAN,Patan,Municipality,251060
GUJARAT,SURENDRANAGAR,Patdi,Municipality,253138
GUJARAT,ANAND,Petlad,Municipality,251178
GUJARAT,PORBANDAR,Porbandar-Chhaya,Municipality,251138
GUJARAT,SABAR KANTHA,Prantij,Municipality,251075
GUJARAT,PATAN,Radhanpur,Municipality,251058
GUJARAT,RAJKOT,Rajkot,Municipal Corporation,251120
GUJARAT,NARMADA,Rajpipla,Municipality,251216
GUJARAT,AMRELI,Rajula,Municipality,251162
GUJARAT,PORBANDAR,Ranavav,Municipality,251141
GUJARAT,KACHCHH,Rapar,Municipality,251044
GUJARAT,DEVBHUMI DWARKA,Salaya,Municipality,251130
GUJARAT,AHMADABAD,Sanand,Municipality,251090
GUJARAT,Mahisagar,Santrampur,Municipality,251191
GUJARAT,DANG,Saputara,Notified Area Council,277167
GUJARAT,AMRELI,Savarkundla,Municipality,251160
GUJARAT,VADODARA,savli,Municipality,253247
GUJARAT,PANCH MAHALS,SHAHERA,Municipality,248076
GUJARAT,PATAN,Sidhpur,Municipality,251059
GUJARAT,BHAVNAGAR,Sihor,Municipality,251166
GUJARAT,JAMNAGAR,Sikka,Municipality,251132
GUJARAT,ANAND,Sojitra,Municipality,253230
GUJARAT,TAPI,Songadh,Municipality,251230
GUJARAT,SURAT,Surat,Municipal Corporation,251231
GUJARAT,SURENDRANAGAR,Surendranagar-Dudhrej-Wadhwan,Municipality,251114
GUJARAT,GIR SOMNATH,Sutrapada,Municipality,277171
GUJARAT,BHAVNAGAR,Talaja,Municipality,251169
GUJARAT,GIR SOMNATH,Talala,Municipality,277170
GUJARAT,SABAR KANTHA,Talod,Municipality,251076
GUJARAT,SURAT,Tarsadi,Municipality,276026
GUJARAT,SURENDRANAGAR,Thangadh,Municipality,251116
GUJARAT,BANAS KANTHA,Thara,Municipality,253164
GUJARAT,BANAS KANTHA,Tharad,Municipality,251052
GUJARAT,KHEDA,Thasra,Municipality,253224
GUJARAT,VALSAD,Umargaon,Municipality,251269
GUJARAT,ANAND,Umreth,Municipality,251171
GUJARAT,GIR SOMNATH,Una,Municipality,251154
GUJARAT,MAHESANA,Unjha,Municipality,251064
GUJARAT,RAJKOT,Upleta,Municipality,251124
GUJARAT,SABAR KANTHA,Vadali,Municipality,253128
GUJARAT,MAHESANA,Vadnagar,Municipality,251066
GUJARAT,VADODARA,Vadodara,Municipal Corporation,251209
GUJARAT,BHAVNAGAR,Vallabhipur,Municipality,253126
GUJARAT,ANAND,Vallabh Vidyanagar,Municipality,251175
GUJARAT,VALSAD,Valsad,Municipality,251254
GUJARAT,JUNAGADH,Vanthali,Municipality,251145
GUJARAT,VALSAD,Vapi,Municipality,251264
GUJARAT,GIR SOMNATH,Veraval,Municipality,251152
GUJARAT,MAHESANA,Vijapur,Municipality,251067
GUJARAT,AHMADABAD,Viramgam,Municipality,251089
GUJARAT,JUNAGADH,Visavadar,Municipality,251148
GUJARAT,MAHESANA,Visnagar,Municipality,251065
GUJARAT,TAPI,Vyara,Municipality,251244
GUJARAT,MORBI,Wankaner,Municipality,251119
HARYANA,HISAR,ADAMPUR,Municipality,299096
HARYANA,AMBALA,Ambala,Municipal Corporation,248491
HARYANA,AMBALA,Ambala,Municipal Council,277303
HARYANA,AMBALA,Ambala Sadar,Notified Area Council,290431
HARYANA,KARNAL,Assandh,Municipality,248519
HARYANA,MAHENDRAGARH,Ateli,Municipality,248565
HARYANA,CHARKI DADRI,BADHRA,Municipality,299371
HARYANA,JHAJJAR,BADLI,Municipality,298890
HARYANA,JHAJJAR,Bahadurgarh,Notified Area Council,248560
HARYANA,AMBALA,Barara,Municipality,272866
HARYANA,HISAR,Barwala,Municipality,248545
HARYANA,HISAR,BASS,Municipality,289252
HARYANA,REWARI,Bawal,Municipality,248571
HARYANA,BHIWANI,Bawani Khera,Municipality,248549
HARYANA,JHAJJAR,Beri,Municipality,248558
HARYANA,BHIWANI,Bhiwani,Notified Area Council,248550
HARYANA,FATEHABAD,Bhuna,Municipality,262120
HARYANA,CHARKI DADRI,Charkhi Dadri,Notified Area Council,248554
HARYANA,KAITHAL,Cheeka,Municipality,248510
HARYANA,REWARI,Dharuhera,Municipality,248568
HARYANA,SIRSA,Ellenabad,Municipality,248543
HARYANA,FARIDABAD,Faridabad,Municipal Corporation,248585
HARYANA,GURUGRAM,Farrukhnagar,Municipality,248574
HARYANA,FATEHABAD,Fatehabad,Notified Area Council,248538
HARYANA,NUH,Ferozepur Jhirka,Municipality,248582
HARYANA,SONIPAT,Ganaur,Municipality,248528
HARYANA,KARNAL,Gharaunda,Municipality,248520
HARYANA,SONIPAT,Gohana,Notified Area Council,248527
HARYANA,GURUGRAM,Gurugram,Municipal Corporation,248576
HARYANA,GURUGRAM,Haileymandi,Municipality,248572
HARYANA,HISAR,Hansi,Notified Area Council,248548
HARYANA,PALWAL,Hathin,Municipality,248587
HARYANA,HISAR,Hisar,Municipal Corporation,248546
HARYANA,PALWAL,Hodal,Notified Area Council,248589
HARYANA,KARNAL,Indri,Municipality,248516
HARYANA,KURUKSHETRA,ISMAILABAD,Municipality,289253
HARYANA,FATEHABAD,JAKHAL MANDI,Municipality,276399
HARYANA,JHAJJAR,Jhajjar,Notified Area Council,248562
HARYANA,JIND,Jind,Notified Area Council,248533
HARYANA,JIND,Julana,Municipality,248534
HARYANA,KAITHAL,Kaithal,Notified Area Council,248511
HARYANA,ROHTAK,Kalanaur,Municipality,248556
HARYANA,SIRSA,Kalanwali,Municipality,248540
HARYANA,KAITHAL,Kalayat,Municipality,248512
HARYANA,PANCHKULA,Kalka,Notified Area Council,248487
HARYANA,MAHENDRAGARH,Kanina,Municipality,248563
HARYANA,KARNAL,Karnal,Municipal Corporation,248517
HARYANA,SONIPAT,Kharkhoda,Municipality,248530
HARYANA,SONIPAT,KUNDLI,Municipality,289251
HARYANA,KURUKSHETRA,Ladwa,Municipality,248509
HARYANA,BHIWANI,Loharu,Municipality,248553
HARYANA,MAHENDRAGARH,Mahendragarh,Municipality,248564
HARYANA,SIRSA,Mandi Dabwali,Notified Area Council,248539
HARYANA,GURUGRAM,Manesar,Municipal Corporation,297117
HARYANA,ROHTAK,Meham,Municipality,248555
HARYANA,MAHENDRAGARH,Nangal Chaudhary,Municipality,259688
HARYANA,AMBALA,Naraingarh,Municipality,248490
HARYANA,MAHENDRAGARH,Narnaul,Notified Area Council,248566
HARYANA,HISAR,Narnaund,Municipality,248547
HARYANA,JIND,Narwana,Notified Area Council,248531
HARYANA,KARNAL,Nilokheri,Municipality,248514
HARYANA,KARNAL,Nissing,Municipality,253296
HARYANA,NUH,Nuh,Notified Area Council,248581
HARYANA,PALWAL,Palwal,Notified Area Council,248586
HARYANA,PANCHKULA,Panchkula,Municipal Corporation,248489
HARYANA,PANIPAT,Panipat,Municipal Corporation,248521
HARYANA,GURUGRAM,Pataudi,Municipality,248573
HARYANA,KURUKSHETRA,Pehowa,Municipality,248507
HARYANA,NUH,Punahana,Municipality,248583
HARYANA,KAITHAL,Pundri,Municipality,248513
HARYANA,YAMUNANAGAR,Radaur,Municipality,274458
HARYANA,KAITHAL,Rajound,Municipality,262119
HARYANA,SIRSA,Rania,Municipality,248542
HARYANA,FATEHABAD,Ratia,Municipality,248536
HARYANA,REWARI,Rewari,Notified Area Council,248569
HARYANA,ROHTAK,Rohtak,Municipal Corporation,248557
HARYANA,YAMUNANAGAR,SADHAURA,Municipality,289254
HARYANA,JIND,Safidon,Municipality,248535
HARYANA,PANIPAT,Samalkha,Municipality,248526
HARYANA,ROHTAK,Sampla,Municipality,253298
HARYANA,KURUKSHETRA,Shahbad,Municipality,248506
HARYANA,SIRSA,Sirsa,Notified Area Council,248541
HARYANA,HISAR,Sisai,Municipality,289551
HARYANA,KAITHAL,SIWAN,Municipality,299095
HARYANA,BHIWANI,Siwani,Municipality,248552
HARYANA,GURUGRAM,Sohna,Notified Area Council,248579
HARYANA,SONIPAT,Sonipat,Municipal Corporation,248529
HARYANA,NUH,Taoru,Municipality,248580
HARYANA,KARNAL,Taraori,Municipality,248515
HARYANA,KURUKSHETRA,Thanesar,Notified Area Council,248508
HARYANA,FATEHABAD,Tohana,Notified Area Council,248537
HARYANA,JIND,Uchana,Municipality,248532
HARYANA,HISAR,Uklanamandi,Municipality,248544
HARYANA,YAMUNANAGAR,Yamunanagar,Municipal Corporation,248500
HIMACHAL PRADESH,UNA,Amb,Town Panchayat,297009
HIMACHAL PRADESH,KULLU,Anni,Town Panchayat,297012
HIMACHAL PRADESH,SOLAN,Arki,Town Panchayat,248240
HIMACHAL PRADESH,SOLAN,Baddi,Municipality,248242
HIMACHAL PRADESH,KANGRA,Baijnath-Paprola,Town Panchayat,274797
HIMACHAL PRADESH,CHAMBA,Bakloh,Municipal Council,277305
HIMACHAL PRADESH,KULLU,Banjar,Town Panchayat,248221
HIMACHAL PRADESH,HAMIRPUR,Bhota,Town Panchayat,248230
HIMACHAL PRADESH,KULLU,Bhuntar,Town Panchayat,248220
HIMACHAL PRADESH,BILASPUR,Bilaspur,Municipality,248239
HIMACHAL PRADESH,CHAMBA,Chamba,Municipality,248046
HIMACHAL PRADESH,SHIMLA,Chirgaon,Town Panchayat,297013
HIMACHAL PRADESH,SHIMLA,Chopal,Town Panchayat,248250
HIMACHAL PRADESH,CHAMBA,Chowari,Town Panchayat,276627
HIMACHAL PRADESH,SOLAN,Dagshai,Municipal Council,277306
HIMACHAL PRADESH,CHAMBA,Dalhousie,Municipality,248044
HIMACHAL PRADESH,CHAMBA,Dalhousie,Municipal Council,277307
HIMACHAL PRADESH,UNA,Daulatpur,Town Panchayat,248231
HIMACHAL PRADESH,KANGRA,Dehra,Municipality,276626
HIMACHAL PRADESH,KANGRA,Dharamshala,Municipal Corporation,248211
HIMACHAL PRADESH,UNA,Gagret,Town Panchayat,248232
HIMACHAL PRADESH,BILASPUR,Ghumarwin,Municipality,248236
HIMACHAL PRADESH,HAMIRPUR,Hamirpur,Municipality,248229
HIMACHAL PRADESH,KANGRA,Jawalamukhi,Municipality,248216
HIMACHAL PRADESH,KANGRA,Jawali,Town Panchayat,275535
HIMACHAL PRADESH,MANDI,Jogindarnagar,Municipality,248222
HIMACHAL PRADESH,SHIMLA,Jubbal,Town Panchayat,248251
HIMACHAL PRADESH,SHIMLA,Jutogh,Municipal Council,277311
HIMACHAL PRADESH,SOLAN,Kandaghat,Town Panchayat,297010
HIMACHAL PRADESH,KANGRA,Kangra,Municipality,248213
HIMACHAL PRADESH,MANDI,Karsog,Town Panchayat,276625
HIMACHAL PRADESH,SOLAN,Kasauli,Municipal Council,277312
HIMACHAL PRADESH,KANGRA,Khasyol,Municipal Council,277313
HIMACHAL PRADESH,SHIMLA,Kotkhai,Town Panchayat,248252
HIMACHAL PRADESH,KULLU,Kullu,Municipality,248219
HIMACHAL PRADESH,KULLU,Manali,Municipality,248218
HIMACHAL PRADESH,MANDI,Mandi,Municipal Corporation,248225
HIMACHAL PRADESH,UNA,Mehatpur Basdehra,Municipality,248234
HIMACHAL PRADESH,HAMIRPUR,Nadaun,Town Panchayat,248228
HIMACHAL PRADESH,KANGRA,Nagrota Bagwan,Municipality,248214
HIMACHAL PRADESH,SIRMAUR,Nahan,Municipality,248043
HIMACHAL PRADESH,BILASPUR,Naina Devi,Municipality,248238
HIMACHAL PRADESH,SOLAN,Nalagarh,Municipality,248241
HIMACHAL PRADESH,SHIMLA,Narkanda,Town Panchayat,248246
HIMACHAL PRADESH,MANDI,Nerchowk,Municipality,274794
HIMACHAL PRADESH,SHIMLA,Nerwa,Town Panchayat,297014
HIMACHAL PRADESH,KULLU,Nirmand,Town Panchayat,297011
HIMACHAL PRADESH,KANGRA,Nurpur,Municipality,248210
HIMACHAL PRADESH,KANGRA,Palampur,Municipal Corporation,248217
HIMACHAL PRADESH,SIRMAUR,Paonta Sahib,Municipality,248045
HIMACHAL PRADESH,SOLAN,Parwanoo,Municipality,248243
HIMACHAL PRADESH,SIRMAUR,Rajgarh,Town Panchayat,248047
HIMACHAL PRADESH,SHIMLA,Rampur,Municipality,248245
HIMACHAL PRADESH,MANDI,Rawalsar,Town Panchayat,248226
HIMACHAL PRADESH,SHIMLA,Rohru,Municipality,248253
HIMACHAL PRADESH,UNA,Santokhgarh,Municipality,248235
HIMACHAL PRADESH,MANDI,Sarkaghat,Municipality,248223
HIMACHAL PRADESH,KANGRA,Shahpur,Town Panchayat,297015
HIMACHAL PRADESH,SHIMLA,Shimla,Municipal Corporation,248248
HIMACHAL PRADESH,SOLAN,Solan,Municipal Corporation,248244
HIMACHAL PRADESH,SOLAN,Subhatu,Municipal Council,277314
HIMACHAL PRADESH,MANDI,Sundernagar,Municipality,248224
HIMACHAL PRADESH,SHIMLA,Suni,Town Panchayat,248247
HIMACHAL PRADESH,UNA,Tahliwal,Town Panchayat,276639
HIMACHAL PRADESH,BILASPUR,Talai,Town Panchayat,248237
HIMACHAL PRADESH,SHIMLA,Theog,Municipality,248249
HIMACHAL PRADESH,HAMIRPUR,Tira Sujanpur,Municipality,248227
HIMACHAL PRADESH,UNA,Una,Municipality,248233
JAMMU AND KASHMIR,SRINAGAR,Badamibagh,Municipal Council,277283
JAMMU AND KASHMIR,JAMMU,Jammu,Municipal Council,277309
JAMMU AND KASHMIR,JAMMU,Jammu Municipal Corporation,Municipal Corporation,248194
JAMMU AND KASHMIR,ANANTNAG,Municipal Committee Achabal,Municipality,248172
JAMMU AND KASHMIR,JAMMU,Municipal Committee Akhnoor,Municipality,248192
JAMMU AND KASHMIR,JAMMU,Municipal Committee Arnia,Municipality,248198
JAMMU AND KASHMIR,ANANTNAG,Municipal Committee Ashmuqam,Municipality,296990
JAMMU AND KASHMIR,PULWAMA,Municipal Committee Awantipora,Municipality,248165
JAMMU AND KASHMIR,RAMBAN,Municipal Committee Banihal,Municipality,248036
JAMMU AND KASHMIR,SAMBA,Municipal Committee Bari Brahmana,Municipality,248199
JAMMU AND KASHMIR,KATHUA,Municipal Committee Basohli,Municipality,276585
JAMMU AND KASHMIR,RAMBAN,Municipal Committee Batote,Municipality,248039
JAMMU AND KASHMIR,Budgam,Municipal Committee Beerwah,Municipality,248158
JAMMU AND KASHMIR,DODA,Municipal Committee Bhaderwah,Municipality,248040
JAMMU AND KASHMIR,ANANTNAG,Municipal Committee Bijbehara,Municipality,248169
JAMMU AND KASHMIR,KATHUA,Municipal Committee Billawar,Municipality,248204
JAMMU AND KASHMIR,JAMMU,Municipal Committee Bishnah,Municipality,248197
JAMMU AND KASHMIR,Budgam,Municipal Committee Chadoora,Municipality,253136
JAMMU AND KASHMIR,UDHAMPUR,Municipal Committee Chenani,Municipality,276588
JAMMU AND KASHMIR,Budgam,Municipal Committee Chrari Sharief,Municipality,248161
JAMMU AND KASHMIR,KULGAM,Municipal Committee Devsar,Municipality,296987
JAMMU AND KASHMIR,ANANTNAG,Municipal Committee Dooru Verinag,Municipality,248176
JAMMU AND KASHMIR,KULGAM,Municipal Committee Frisal,Municipality,296989
JAMMU AND KASHMIR,JAMMU,Municipal Committee Ghou-Manhasan,Municipality,248195
JAMMU AND KASHMIR,BARAMULLA,Municipal Committee Gulmarg Tangmarg,Municipality,248154
JAMMU AND KASHMIR,BANDIPORA,Municipal Committee Hajin,Municipality,248147
JAMMU AND KASHMIR,KUPWARA,Municipal Committee Handwara,Municipality,248035
JAMMU AND KASHMIR,KATHUA,Municipal Committee Hiranagar,Municipality,276594
JAMMU AND KASHMIR,JAMMU,Municipal Committee Jourian,Municipality,248191
JAMMU AND KASHMIR,RAJOURI,Municipal Committee Kalakote,Municipality,296984
JAMMU AND KASHMIR,REASI,Municipal Committee Katra,Municipality,276591
JAMMU AND KASHMIR,Budgam,Municipal Committee Khansahib,Municipality,248160
JAMMU AND KASHMIR,JAMMU,Municipal Committee Khour,Municipality,248193
JAMMU AND KASHMIR,PULWAMA,Municipal Committee Khrew,Municipality,248163
JAMMU AND KASHMIR,ANANTNAG,Municipal Committee Kokernag,Municipality,248173
JAMMU AND KASHMIR,BARAMULLA,Municipal Committee Kunzer,Municipality,248153
JAMMU AND KASHMIR,KATHUA,Municipal Committee Lakhanpur,Municipality,276584
JAMMU AND KASHMIR,KUPWARA,Municipal Committee Langate,Municipality,248139
JAMMU AND KASHMIR,Budgam,Municipal Committee Magam,Municipality,248157
JAMMU AND KASHMIR,ANANTNAG,Municipal Committee Mattan,Municipality,248170
JAMMU AND KASHMIR,RAJOURI,Municipal Committee Nowshera,Municipality,276593
JAMMU AND KASHMIR,ANANTNAG,Municipal Committee Pahalgam,Municipality,248168
JAMMU AND KASHMIR,PULWAMA,Municipal Committee Pampore,Municipality,248162
JAMMU AND KASHMIR,KATHUA,Municipal Committee Parole,Municipality,276586
JAMMU AND KASHMIR,BARAMULLA,Municipal Committee Pattan,Municipality,248150
JAMMU AND KASHMIR,ANANTNAG,Municipal Committee Qazigund,Municipality,248175
JAMMU AND KASHMIR,SAMBA,Municipal Committee Ramgarh,Municipality,248203
JAMMU AND KASHMIR,UDHAMPUR,Municipal Committee Ramnagar,Municipality,276589
JAMMU AND KASHMIR,JAMMU,Municipal Committee R S Pura,Municipality,248196
JAMMU AND KASHMIR,ANANTNAG,Municipal Committee Seer Hamdan,Municipality,296991
JAMMU AND KASHMIR,BANDIPORA,Municipal Committee Sumbal,Municipality,248148
JAMMU AND KASHMIR,RAJOURI,Municipal Committee Sunderbani,Municipality,248190
JAMMU AND KASHMIR,POONCH,Municipal Committee Surankote,Municipality,253142
JAMMU AND KASHMIR,RAJOURI,Municipal Committee Thanamandi,Municipality,248187
JAMMU AND KASHMIR,DODA,Municipal Committee Thathri,Municipality,254926
JAMMU AND KASHMIR,PULWAMA,Municipal Committee Tral,Municipality,248164
JAMMU AND KASHMIR,BARAMULLA,Municipal Committee Uri,Municipality,248152
JAMMU AND KASHMIR,SAMBA,Municipal Committee Vijaypur,Municipality,248201
JAMMU AND KASHMIR,BARAMULLA,Municipal Committee Watergam,Municipality,296985
JAMMU AND KASHMIR,KULGAM,Municipal Committee Yaripora,Municipality,296988
JAMMU AND KASHMIR,ANANTNAG,Municipal Council Anantnag,Notified Area Council,248171
JAMMU AND KASHMIR,BANDIPORA,Municipal Council Bandipora,Notified Area Council,248146
JAMMU AND KASHMIR,BARAMULLA,Municipal Council Baramulla,Notified Area Council,248151
JAMMU AND KASHMIR,Budgam,Municipal Council Budgam,Notified Area Council,248159
JAMMU AND KASHMIR,DODA,Municipal Council Doda,Notified Area Council,248038
JAMMU AND KASHMIR,GANDERBAL,Municipal Council Ganderbal,Notified Area Council,248155
JAMMU AND KASHMIR,KATHUA,Municipal Council Kathua,Notified Area Council,276581
JAMMU AND KASHMIR,KISHTWAR,Municipal Council Kishtwar,Notified Area Council,248041
JAMMU AND KASHMIR,KULGAM,Municipal Council Kulgam,Notified Area Council,248174
JAMMU AND KASHMIR,KUPWARA,Municipal Council Kupwara,Notified Area Council,248034
JAMMU AND KASHMIR,POONCH,Municipal Council Poonch,Notified Area Council,248042
JAMMU AND KASHMIR,PULWAMA,Municipal Council Pulwama,Notified Area Council,248166
JAMMU AND KASHMIR,RAJOURI,Municipal Council Rajouri,Notified Area Council,276592
JAMMU AND KASHMIR,RAMBAN,Municipal Council Ramban,Notified Area Council,248037
JAMMU AND KASHMIR,REASI,Municipal Council Reasi,Notified Area Council,276590
JAMMU AND KASHMIR,SAMBA,Municipal Council Samba,Notified Area Council,248202
JAMMU AND KASHMIR,SHOPIAN,Municipal Council Shopian,Notified Area Council,248167
JAMMU AND KASHMIR,BARAMULLA,Municipal Council Sopore,Notified Area Council,248149
JAMMU AND KASHMIR,UDHAMPUR,Municipal Council Udhampur,Notified Area Council,276587
JAMMU AND KASHMIR,SRINAGAR,Srinagar Municipal Corporation,Municipal Corporation,248156
JHARKHAND,SARAIKELA KHARSAWAN,Adityapur,Municipal Corporation,253166
JHARKHAND,CHATRA,bachra nagar panchayat,Town Panchayat,290212
JHARKHAND,GIRIDIH,BADAKI SURIYA,Town Panchayat,290364
JHARKHAND,SAHEBGANJ,Barharwa,Town Panchayat,277137
JHARKHAND,DUMKA,Basukinath,Town Panchayat,250352
JHARKHAND,PALAMU,Bishrampur,Municipality,253231
JHARKHAND,RANCHI,Bundu,Town Panchayat,250415
JHARKHAND,WEST SINGHBHUM,Chaibasa,Municipality,250430
JHARKHAND,WEST SINGHBHUM,Chakradharpur,Municipality,250416
JHARKHAND,EAST SINGHBUM,Chakulia,Town Panchayat,250445
JHARKHAND,BOKARO,Chas,Municipal Corporation,248056
JHARKHAND,CHATRA,Chatra,Municipality,248129
JHARKHAND,PALAMU,Chhatarpur,Town Panchayat,277142
JHARKHAND,DHANBAD,CHIRKUNDA,Municipality,248055
JHARKHAND,DEOGHAR,DEOGHAR,Municipal Corporation,248049
JHARKHAND,DHANBAD,Dhanbad,Municipal Corporation,250378
JHARKHAND,GIRIDIH,Dhanwar,Town Panchayat,277138
JHARKHAND,KODERMA,Domchanch,Town Panchayat,277135
JHARKHAND,DUMKA,Dumka,Municipality,248054
JHARKHAND,GARHWA,Garhwa,Municipality,248128
JHARKHAND,GIRIDIH,Giridih Municipal Corporation,Municipal Corporation,250349
JHARKHAND,GODDA,Godda,Municipality,248051
JHARKHAND,GUMLA,GUMLA,Municipality,248057
JHARKHAND,PALAMU,Hariharganj,Town Panchayat,297120
JHARKHAND,HAZARIBAGH,Hazaribag,Municipal Corporation,248130
JHARKHAND,PALAMU,Hussainabad,Town Panchayat,250323
JHARKHAND,EAST SINGHBUM,Jamshedpur,Notified Area Council,250434
JHARKHAND,JAMTARA,Jamtara,Town Panchayat,248134
JHARKHAND,KODERMA,Jhumri Telaiya,Municipality,248132
JHARKHAND,EAST SINGHBUM,Jugsalai,Municipality,250435
JHARKHAND,SARAIKELA KHARSAWAN,KAPALI,Municipality,276352
JHARKHAND,KHUNTI,Khunti,Town Panchayat,250414
JHARKHAND,KODERMA,Kodarma,Town Panchayat,248131
JHARKHAND,LATEHAR,Latehar,Town Panchayat,250326
JHARKHAND,LOHARDAGA,Lohardaga,Municipality,248137
JHARKHAND,DEOGHAR,MADHUPUR,Municipality,248050
JHARKHAND,GODDA,Mahgama,Town Panchayat,297121
JHARKHAND,EAST SINGHBUM,Mango,Municipal Corporation,250433
JHARKHAND,GARHWA,Manjhiaon,Town Panchayat,253228
JHARKHAND,PALAMU,Medininagar,Municipal Corporation,250324
JHARKHAND,JAMTARA,Mihijam,Municipality,248135
JHARKHAND,GARHWA,Nagar Untari Nagar panchayat,Town Panchayat,274815
JHARKHAND,PAKUR,Pakur,Municipality,248133
JHARKHAND,BOKARO,Phusro,Municipality,248136
JHARKHAND,SAHEBGANJ,RAJMAHAL,Town Panchayat,248053
JHARKHAND,RAMGARH,Ramgarh,Municipal Council,264766
JHARKHAND,RAMGARH,Ramgarh Nagar Parishad,Municipality,274814
JHARKHAND,RANCHI,Ranchi,Municipal Corporation,250413
JHARKHAND,SAHEBGANJ,SAHIBGANJ,Municipality,248052
JHARKHAND,SARAIKELA KHARSAWAN,Seraikella,Town Panchayat,250423
JHARKHAND,SIMDEGA,Simdega,Municipality,248138
KARNATAKA,KALABURAGI,Afzalpur,Town Municipal Council,251849
KARNATAKA,BELAGAVI,AINAPUR,Town Panchayat,276618
KARNATAKA,CHIKKAMAGALURU,Ajjampura,Town Panchayat,296977
KARNATAKA,VIJAYAPURA,ALAMELA,Town Panchayat,276540
KARNATAKA,KALABURAGI,Aland,Town Municipal Council,251848
KARNATAKA,DHARWAD,Alnavar,Town Panchayat,251894
KARNATAKA,HASSAN,Alur,Town Panchayat,252013
KARNATAKA,BAGALKOTE,AMINAGAD,Town Panchayat,276597
KARNATAKA,SHIVAMOGGA,Anavatti,Town Panchayat,299181
KARNATAKA,BENGALURU RURAL,Anekal,Town Municipal Council,253189
KARNATAKA,BELAGAVI,Ankalagi-Akkathangerahal,Town Panchayat,299329
KARNATAKA,UTTARA KANNADA,Ankola,Town Municipal Council,251906
KARNATAKA,DHARWAD,Annigeri,Town Municipal Council,251896
KARNATAKA,BELAGAVI,ARABHAVI,Town Panchayat,276577
KARNATAKA,HASSAN,Arkalgud,Town Panchayat,252014
KARNATAKA,HASSAN,Arsikere,City Municipal Council,252010
KARNATAKA,BELAGAVI,Athni,Town Municipal Council,251812
KARNATAKA,BENGALURU URBAN,ATTIBELE,Town Municipal Council,276539
KARNATAKA,BIDAR,Aurad,Town Panchayat,251866
KARNATAKA,VIJAYAPURA,Babaleshwar,Town Panchayat,299327
KARNATAKA,BAGALKOTE,Badami,Town Municipal Council,251837
KARNATAKA,BAGALKOTE,Bagalkot,City Municipal Council,251839
KARNATAKA,CHIKKABALLAPURA,Bagepalli,Town Municipal Council,251981
KARNATAKA,BELAGAVI,Bail Hongal,Town Municipal Council,251827
KARNATAKA,UDUPI,Bainduru,Town Panchayat,297129
KARNATAKA,DAKSHINA KANNADA,Bajape,Town Panchayat,299320
KARNATAKA,RAICHUR,BALAGANUR,Town Panchayat,276523
KARNATAKA,BALLARI,Ballari,Municipal Corporation,251927
KARNATAKA,KOLAR,Bangarpete,Town Municipal Council,299416
KARNATAKA,HAVERI,Bankapura,Town Municipal Council,251913
KARNATAKA,MYSURU,Bannur,Town Municipal Council,252051
KARNATAKA,DAKSHINA KANNADA,Bantval,Town Municipal Council,252033
KARNATAKA,BIDAR,Basavakalyan,City Municipal Council,251864
KARNATAKA,VIJAYAPURA,Basavana Bagevadi,Town Municipal Council,251845
KARNATAKA,BENGALURU RURAL,Bashettihalli,Town Panchayat,299169
KARNATAKA,BENGALURU URBAN,BBMP,Municipal Corporation,276600
KARNATAKA,BAGALKOTE,BELAGALI,Town Panchayat,276529
KARNATAKA,BELAGAVI,Belagavi,Municipal Corporation,251824
KARNATAKA,BELAGAVI,Belgaum,Municipal Council,277289
KARNATAKA,MANDYA,BELLURU,Town Panchayat,276602
KARNATAKA,DAKSHINA KANNADA,Beltangadi,Town Panchayat,252034
KARNATAKA,HASSAN,Belur,Town Municipal Council,252009
KARNATAKA,SHIVAMOGGA,Bhadravati,City Municipal Council,251952
KARNATAKA,KOPPAL,BHAGYANAGARA,Town Panchayat,276604
KARNATAKA,BIDAR,Bhalki,Town Municipal Council,251865
KARNATAKA,UTTARA KANNADA,Bhatkal,Town Municipal Council,251911
KARNATAKA,YADGIR,Bhimarayanagudi,Notified Area Council,251860
KARNATAKA,RAMANAGARA,BIDADI,Town Municipal Council,276526
KARNATAKA,BIDAR,Bidar,City Municipal Council,251867
KARNATAKA,BAGALKOTE,Bilgi,Town Panchayat,251834
KARNATAKA,CHIKKAMAGALURU,Birur,Town Municipal Council,251963
KARNATAKA,MYSURU,Bogadi,Town Panchayat,299334
KARNATAKA,BENGALURU URBAN,BOMMASANDRA,Town Municipal Council,276537
KARNATAKA,BELAGAVI,BORAGAON,Town Panchayat,276583
KARNATAKA,HAVERI,Byadgi,Town Municipal Council,251917
KARNATAKA,VIJAYAPURA,CHADACHANA,Town Panchayat,276559
KARNATAKA,CHITRADURGA,Challakere,City Municipal Council,251933
KARNATAKA,CHAMARAJANAGARA,Chamarajanagar,City Municipal Council,252054
KARNATAKA,BENGALURU URBAN,CHANDAPURA,Town Municipal Council,276533
KARNATAKA,DAVANGERE,Channagiri,Town Municipal Council,251943
KARNATAKA,RAMANAGARA,Channapatna,City Municipal Council,253185
KARNATAKA,HASSAN,Channarayapatna,Town Municipal Council,252016
KARNATAKA,BELAGAVI,CHENNAMMANA KITTUR,Town Panchayat,276578
KARNATAKA,CHIKKABALLAPURA,Chik Ballapur,City Municipal Council,251979
KARNATAKA,BENGALURU URBAN,Chikkabanavara,Town Municipal Council,299318
KARNATAKA,CHIKKAMAGALURU,Chikkamagaluru,City Municipal Council,251965
KARNATAKA,TUMAKURU,Chiknayakanhalli,Town Municipal Council,251968
KARNATAKA,BELAGAVI,Chikodi,Town Municipal Council,251811
KARNATAKA,BELAGAVI,CHINCHALI,Town Panchayat,276568
KARNATAKA,KALABURAGI,Chincholi,Town Municipal Council,251850
KARNATAKA,CHIKKABALLAPURA,Chintamani,City Municipal Council,251983
KARNATAKA,BIDAR,Chitgoppa,Town Municipal Council,251869
KARNATAKA,CHITRADURGA,Chitradurga,City Municipal Council,251934
KARNATAKA,KALABURAGI,Chittapura,Town Municipal Council,251853
KARNATAKA,UTTARA KANNADA,Dandeli,City Municipal Council,251899
KARNATAKA,DAVANGERE,Davanagere,Municipal Corporation,251941
KARNATAKA,RAICHUR,Devadurga,Town Municipal Council,251874
KARNATAKA,BENGALURU RURAL,Devanahalli,Town Municipal Council,251994
KARNATAKA,VIJAYAPURA,DEVARAHIPPARAGI,Town Panchayat,276558
KARNATAKA,BENGALURU RURAL,Dod Ballapur,City Municipal Council,251992
KARNATAKA,BELAGAVI,EXAMBA,Town Panchayat,276575
KARNATAKA,GADAG,Gadag-Betigeri,City Municipal Council,251888
KARNATAKA,GADAG,Gajendragarh,Town Municipal Council,251886
KARNATAKA,KOPPAL,Gangawati,City Municipal Council,251881
KARNATAKA,CHIKKABALLAPURA,Gauribidanur,City Municipal Council,251978
KARNATAKA,BELAGAVI,Ghataprabha,Town Municipal Council,276574
KARNATAKA,BELAGAVI,Gokak,City Municipal Council,251818
KARNATAKA,TUMAKURU,Gubbi,Town Panchayat,251974
KARNATAKA,CHIKKABALLAPURA,Gudibanda,Town Panchayat,251980
KARNATAKA,BAGALKOTE,Guledgudda,Town Municipal Council,251838
KARNATAKA,CHAMARAJANAGARA,Gundlupet,Town Municipal Council,252053
KARNATAKA,YADGIR,Gurmatkal,Town Municipal Council,251862
KARNATAKA,HAVERI,GUTTAL,Town Panchayat,276521
KARNATAKA,VIJAYANAGAR,HAGARIBOMMANAHALLI,Town Municipal Council,276535
KARNATAKA,UTTARA KANNADA,Haliyal,Town Municipal Council,251901
KARNATAKA,BIDAR,HALLIKEDA (B),Town Municipal Council,276603
KARNATAKA,HAVERI,Hangal,Town Municipal Council,251915
KARNATAKA,CHAMARAJANAGARA,Hanur,Town Panchayat,253130
KARNATAKA,VIJAYANAGAR,Harapanahalli,Town Municipal Council,251939
KARNATAKA,DAVANGERE,Harihar,City Municipal Council,251938
KARNATAKA,BELAGAVI,HAROGERI,Town Municipal Council,276569
KARNATAKA,RAMANAGARA,Harohalli,Town Panchayat,299326
KARNATAKA,HASSAN,Hassan,City Municipal Council,252012
KARNATAKA,RAICHUR,Hatti,Town Panchayat,251873
KARNATAKA,RAICHUR,Hatti Gold Mines,Notified Area Council,251872
KARNATAKA,HAVERI,Haveri,City Municipal Council,251916
KARNATAKA,BENGALURU URBAN,HEBBUGODI,City Municipal Council,276463
KARNATAKA,MYSURU,Heggadadevankote,Town Municipal Council,252049
KARNATAKA,HAVERI,Hirekerur,Town Panchayat,251918
KARNATAKA,CHITRADURGA,Hiriyur,City Municipal Council,251937
KARNATAKA,CHITRADURGA,Holalkere,Town Municipal Council,251935
KARNATAKA,SHIVAMOGGA,Holehonnuru,Town Panchayat,299180
KARNATAKA,HASSAN,Hole Narsipur,Town Municipal Council,252015
KARNATAKA,BIDAR,Homnabad,Town Municipal Council,251868
KARNATAKA,UTTARA KANNADA,Honavar,Town Panchayat,251909
KARNATAKA,DAVANGERE,Honnali,Town Panchayat,251942
KARNATAKA,MYSURU,Hootagalli,City Municipal Council,299335
KARNATAKA,VIJAYANAGAR,Hoovina Hadagalli,Town Municipal Council,251921
KARNATAKA,BENGALURU RURAL,Hosakote,City Municipal Council,251995
KARNATAKA,SHIVAMOGGA,Hosanagara,Town Panchayat,251949
KARNATAKA,VIJAYANAGAR,Hosapete,City Municipal Council,251922
KARNATAKA,CHITRADURGA,Hosdurga,Town Municipal Council,251936
KARNATAKA,DHARWAD,Hubballi-Dharwad,Municipal Corporation,251893
KARNATAKA,BELAGAVI,Hukeri,Town Municipal Council,251820
KARNATAKA,TUMAKURU,Huliyaru,Town Panchayat,297133
KARNATAKA,YADGIR,Hunasagi,Town Panchayat,296976
KARNATAKA,BENGALURU URBAN,Hunasamaranahalli,Town Municipal Council,299319
KARNATAKA,BAGALKOTE,Hungund,Town Municipal Council,251840
KARNATAKA,MYSURU,Hunsur,City Municipal Council,252043
KARNATAKA,BAGALKOTE,Ilkal,City Municipal Council,251841
KARNATAKA,VIJAYAPURA,Indi,Town Municipal Council,251843
KARNATAKA,UTTARA KANNADA,JAALI,Town Panchayat,276572
KARNATAKA,DAVANGERE,Jagalur,Town Panchayat,251940
KARNATAKA,RAICHUR,Jalahalli,Town Panchayat,299177
KARNATAKA,BAGALKOTE,Jamkhandi,City Municipal Council,251832
KARNATAKA,KALABURAGI,Jevargi,Town Municipal Council,251858
KARNATAKA,BENGALURU URBAN,JIGANI,Town Municipal Council,276464
KARNATAKA,SHIVAMOGGA,Jog-Kargal,Town Panchayat,263293
KARNATAKA,UDUPI,KAAPU,Town Municipal Council,276573
KARNATAKA,BELAGAVI,KABBUR,Town Panchayat,276483
KARNATAKA,DAKSHINA KANNADA,Kadaba,Town Panchayat,296954
KARNATAKA,MYSURU,kadakola,Town Panchayat,299323
KARNATAKA,CHIKKAMAGALURU,Kadur,Town Municipal Council,251964
KARNATAKA,BELAGAVI,Kagawada,Town Panchayat,299331
KARNATAKA,YADGIR,KAKKERA,Town Municipal Council,276560
KARNATAKA,KALABURAGI,KALABURAGI CITY CORPORATION,Municipal Corporation,248127
KARNATAKA,KALABURAGI,Kalagi,Town Panchayat,296978
KARNATAKA,DHARWAD,Kalghatgi,Town Panchayat,251897
KARNATAKA,BELAGAVI,KALLOLLI,Town Panchayat,276576
KARNATAKA,KALABURAGI,kamalapur,Town Panchayat,297130
KARNATAKA,BALLARI,KAMALAPURA,Town Panchayat,276611
KARNATAKA,BAGALKOTE,KAMATAGI,Town Panchayat,276531
KARNATAKA,BALLARI,Kampli,Town Municipal Council,251924
KARNATAKA,RAMANAGARA,Kanakapura,City Municipal Council,251999
KARNATAKA,KOPPAL,KANAKGIRI,Town Panchayat,276599
KARNATAKA,BELAGAVI,KANKANAVADI,Town Panchayat,276567
KARNATAKA,KOPPAL,KARATAGI,Town Municipal Council,276496
KARNATAKA,UDUPI,Karkal,Town Municipal Council,251958
KARNATAKA,UTTARA KANNADA,Karwar,City Municipal Council,251900
KARNATAKA,RAICHUR,KAVITAL,Town Panchayat,276522
KARNATAKA,YADGIR,KEMBHAVI,Town Municipal Council,276516
KARNATAKA,BAGALKOTE,Kerur,Town Panchayat,251836
KARNATAKA,BELAGAVI,Khanapur,Town Panchayat,251825
KARNATAKA,DAKSHINA KANNADA,kinnigoli,Town Panchayat,299321
KARNATAKA,KOLAR,Kolar,City Municipal Council,251985
KARNATAKA,VIJAYAPURA,KOLHARA,Town Panchayat,276543
KARNATAKA,CHAMARAJANAGARA,Kollegal,City Municipal Council,252056
KARNATAKA,BELAGAVI,Konnur,Town Municipal Council,251816
KARNATAKA,CHIKKAMAGALURU,Koppa,Town Panchayat,251960
KARNATAKA,KOPPAL,Koppal,City Municipal Council,251882
KARNATAKA,TUMAKURU,Koratagere,Town Panchayat,251972
KARNATAKA,,Kotekara,Town Panchayat,252030
KARNATAKA,VIJAYANAGAR,Kotturu,Town Panchayat,251931
KARNATAKA,MYSURU,krishnarajanagar,Town Municipal Council,299418
KARNATAKA,MANDYA,Krishnarajpet,Town Municipal Council,252001
KARNATAKA,BELAGAVI,Kudchi,Town Municipal Council,251813
KARNATAKA,VIJAYANAGAR,Kudligi,Town Panchayat,251930
KARNATAKA,CHIKKAMAGALURU,Kudremukh,Notified Area Council,251967
KARNATAKA,BALLARI,KUDUTINI,Town Panchayat,276534
KARNATAKA,KOPPAL,KUKANOORU,Town Panchayat,276497
KARNATAKA,UTTARA KANNADA,Kumta,Town Municipal Council,251907
KARNATAKA,UDUPI,Kundapura,Town Municipal Council,251953
KARNATAKA,DHARWAD,Kundgol,Town Panchayat,251898
KARNATAKA,TUMAKURU,Kunigal,Town Municipal Council,251977
KARNATAKA,BALLARI,KUREKUPPA,Town Municipal Council,276538
KARNATAKA,BALLARI,KURUGODU,Town Municipal Council,276532
KARNATAKA,KODAGU,Kushalnagar,Town Panchayat,252039
KARNATAKA,KOPPAL,Kushtagi,Town Municipal Council,251880
KARNATAKA,GADAG,Lakshmeshwar,Town Municipal Council,251891
KARNATAKA,RAICHUR,Lingasugur,Town Municipal Council,251871
KARNATAKA,BAGALKOTE,Lokapura,Town Panchayat,299317
KARNATAKA,BELAGAVI,Machhe,Town Panchayat,299332
KARNATAKA,BENGALURU URBAN,Madanayakanahalli,Town Municipal Council,296975
KARNATAKA,MANDYA,Maddur,Town Municipal Council,252006
KARNATAKA,TUMAKURU,Madhugiri,Town Municipal Council,251971
KARNATAKA,KODAGU,Madikeri,City Municipal Council,252037
KARNATAKA,RAMANAGARA,Magadi,Town Municipal Council,251996
KARNATAKA,BAGALKOTE,Mahalingpur,Town Municipal Council,251830
KARNATAKA,MANDYA,Malavalli,Town Municipal Council,252007
KARNATAKA,DAVANGERE,MALEBENNURU,Town Municipal Council,276556
KARNATAKA,KOLAR,Malur,Town Municipal Council,251986
KARNATAKA,VIJAYAPURA,MANAGULI,Town Panchayat,276541
KARNATAKA,MANDYA,Mandya,City Municipal Council,252005
KARNATAKA,DAKSHINA KANNADA,Mangaluru,Municipal Corporation,252021
KARNATAKA,UTTARA KANNADA,Manki,Town Panchayat,299328
KARNATAKA,RAICHUR,Manvi,Town Municipal Council,251877
KARNATAKA,VIJAYANAGAR,MARIYAMMANAHALLI,Town Panchayat,276474
KARNATAKA,RAICHUR,MASKI,Town Municipal Council,276519
KARNATAKA,,MKhubballi,Town Panchayat,299417
KARNATAKA,CHITRADURGA,Molakalmuru,Town Panchayat,251932
KARNATAKA,BELAGAVI,Mudalgi,Town Municipal Council,251815
KARNATAKA,DAKSHINA KANNADA,Mudbidri,Town Municipal Council,252018
KARNATAKA,VIJAYAPURA,Muddebihal,Town Municipal Council,251846
KARNATAKA,RAICHUR,Mudgal,Town Municipal Council,251870
KARNATAKA,BAGALKOTE,Mudhol,City Municipal Council,251835
KARNATAKA,CHIKKAMAGALURU,Mudigere,Town Panchayat,251966
KARNATAKA,BELAGAVI,MUGALAKODA,Town Municipal Council,276563
KARNATAKA,KOLAR,Mulbagal,City Municipal Council,251989
KARNATAKA,GADAG,Mulgund,Town Panchayat,251889
KARNATAKA,DAKSHINA KANNADA,Mulki,Town Panchayat,252017
KARNATAKA,BELAGAVI,MUNAVALLI,Town Municipal Council,276564
KARNATAKA,GADAG,Mundargi,Town Municipal Council,251892
KARNATAKA,UTTARA KANNADA,Mundgod,Town Panchayat,251904
KARNATAKA,MYSURU,Mysuru,Municipal Corporation,252045
KARNATAKA,BELAGAVI,NAAGANURA,Town Panchayat,276566
KARNATAKA,MANDYA,Nagamangala,Town Municipal Council,252002
KARNATAKA,VIJAYAPURA,NALATAVADA,Town Panchayat,276544
KARNATAKA,MYSURU,Nanjangud,City Municipal Council,252050
KARNATAKA,CHIKKAMAGALURU,Narasimharajapura,Town Panchayat,251961
KARNATAKA,GADAG,Naregal,Town Panchayat,251887
KARNATAKA,GADAG,Nargund,Town Municipal Council,251884
KARNATAKA,DHARWAD,Navalgund,Town Municipal Council,251895
KARNATAKA,CHITRADURGA,NAYAKANAHATTI,Town Panchayat,276542
KARNATAKA,BENGALURU RURAL,Nelamangala,City Municipal Council,251990
KARNATAKA,VIJAYAPURA,NIDAGUNDI,Town Panchayat,276557
KARNATAKA,BELAGAVI,Nipani,City Municipal Council,251809
KARNATAKA,DAVANGERE,Nyamathi,Town Panchayat,299183
KARNATAKA,MANDYA,Pandavapura,Town Municipal Council,252003
KARNATAKA,TUMAKURU,Pavagada,Town Municipal Council,251970
KARNATAKA,BELAGAVI,Peeranawadi,Town Panchayat,299333
KARNATAKA,MYSURU,Piriyapatna,Town Municipal Council,252042
KARNATAKA,DAKSHINA KANNADA,Puttur,City Municipal Council,252035
KARNATAKA,BAGALKOTE,Rabkavi-Banhatti,City Municipal Council,251833
KARNATAKA,RAICHUR,Raichur,City Municipal Council,251876
KARNATAKA,RAMANAGARA,Ramanagara,City Municipal Council,253186
KARNATAKA,BELAGAVI,Ramdurg,Town Municipal Council,251829
KARNATAKA,MYSURU,Rammanahalli,Town Panchayat,299322
KARNATAKA,HAVERI,Ranibennur,City Municipal Council,251919
KARNATAKA,HAVERI,Rattihalli,Town Panchayat,296955
KARNATAKA,BELAGAVI,Raybag,Town Panchayat,251814
KARNATAKA,KOLAR,Robertson Pet,City Municipal Council,251988
KARNATAKA,GADAG,Ron,Town Municipal Council,251885
KARNATAKA,BELAGAVI,Sadalgi,Town Municipal Council,251810
KARNATAKA,SHIVAMOGGA,Sagar,City Municipal Council,251945
KARNATAKA,HASSAN,Sakleshpur,Town Municipal Council,252008
KARNATAKA,UDUPI,Saligram,Town Panchayat,251954
KARNATAKA,BALLARI,Sandur,Town Municipal Council,251929
KARNATAKA,BELAGAVI,Sankeshwar,Town Municipal Council,251819
KARNATAKA,MYSURU,Saragur,Town Panchayat,253132
KARNATAKA,BELAGAVI,Saundatti-Yellamma,Town Municipal Council,251828
KARNATAKA,HAVERI,Savanur,Town Municipal Council,251914
KARNATAKA,KALABURAGI,Sedam,Town Municipal Council,251852
KARNATAKA,KALABURAGI,Shahabad,City Municipal Council,251855
KARNATAKA,KALABURAGI,Shahabad ACC,Notified Area Council,251854
KARNATAKA,YADGIR,Shahpur,City Municipal Council,251861
KARNATAKA,BELAGAVI,SHEDBALA,Town Panchayat,276579
KARNATAKA,HAVERI,Shiggaon,Town Municipal Council,251912
KARNATAKA,SHIVAMOGGA,Shikarpur,Town Municipal Council,251948
KARNATAKA,GADAG,Shirahatti,Town Panchayat,251890
KARNATAKA,BAGALKOTE,Shiruru,Town Panchayat,299179
KARNATAKA,SHIVAMOGGA,Shivamogga,Municipal Corporation,251951
KARNATAKA,YADGIR,Shorapur,City Municipal Council,251859
KARNATAKA,MANDYA,Shrirangapattana,Town Municipal Council,252004
KARNATAKA,UTTARA KANNADA,Siddapur,Town Panchayat,251908
KARNATAKA,CHIKKABALLAPURA,Sidlaghatta,City Municipal Council,251982
KARNATAKA,VIJAYAPURA,Sindgi,Town Municipal Council,251844
KARNATAKA,RAICHUR,Sindhnur,City Municipal Council,251878
KARNATAKA,TUMAKURU,Sira,City Municipal Council,251969
KARNATAKA,SHIVAMOGGA,Siralkoppa,Town Panchayat,251947
KARNATAKA,RAICHUR,SIRAVARA,Town Panchayat,276605
KARNATAKA,UTTARA KANNADA,Sirsi,City Municipal Council,251905
KARNATAKA,BALLARI,Siruguppa,City Municipal Council,251925
KARNATAKA,DAKSHINA KANNADA,Someshwara,Town Municipal Council,296979
KARNATAKA,KODAGU,Somvarpet,Town Panchayat,252038
KARNATAKA,SHIVAMOGGA,Sorab,Town Panchayat,251946
KARNATAKA,CHIKKAMAGALURU,Sringeri,Town Panchayat,251959
KARNATAKA,KOLAR,Srinivaspur,Town Municipal Council,251984
KARNATAKA,MYSURU,Srirampura,Town Panchayat,299325
KARNATAKA,DAKSHINA KANNADA,Sulya,Town Panchayat,252036
KARNATAKA,VIJAYAPURA,Talikota,Town Municipal Council,251847
KARNATAKA,CHIKKAMAGALURU,Tarikere,Town Municipal Council,251962
KARNATAKA,KOPPAL,TAVARAGERA,Town Panchayat,276601
KARNATAKA,BALLARI,Tekkalakote,Town Panchayat,251926
KARNATAKA,BAGALKOTE,Terdal,Town Municipal Council,251831
KARNATAKA,,Tikota,Town Panchayat,297131
KARNATAKA,TUMAKURU,Tiptur,City Municipal Council,251975
KARNATAKA,SHIVAMOGGA,Tirthahalli,Town Panchayat,251950
KARNATAKA,MYSURU,Tirumakudal - Narsipur,Town Municipal Council,252052
KARNATAKA,TUMAKURU,Tumakuru,Municipal Corporation,251973
KARNATAKA,TUMAKURU,Turuvekere,Town Panchayat,251976
KARNATAKA,RAICHUR,TURVIHAL,Town Panchayat,276524
KARNATAKA,UDUPI,Udupi,City Municipal Council,251955
KARNATAKA,BELAGAVI,UGAR KHURDA,Town Municipal Council,276565
KARNATAKA,DAKSHINA KANNADA,Ullal,City Municipal Council,252027
KARNATAKA,VIJAYAPURA,Vijayapura,Municipal Corporation,251993
KARNATAKA,BENGALURU RURAL,VIJAYAPURA,Town Municipal Council,251842
KARNATAKA,KODAGU,Virajpet,Town Panchayat,252040
KARNATAKA,DAKSHINA KANNADA,VITLA,Town Panchayat,276554
KARNATAKA,KALABURAGI,Wadi,Town Municipal Council,251856
KARNATAKA,YADGIR,Yadgir,City Municipal Council,251863
KARNATAKA,KALABURAGI,Yadrami,Town Panchayat,297132
KARNATAKA,BELAGAVI,Yaragatti,Town Panchayat,299330
KARNATAKA,CHAMARAJANAGARA,Yelandur,Town Panchayat,252055
KARNATAKA,KOPPAL,Yelburga,Town Panchayat,251879
KARNATAKA,UTTARA KANNADA,Yellapur,Town Panchayat,251903
KERALA,PATHANAMTHITTA,Adoor,Municipality,252253
KERALA,ALAPPUZHA,Alappuzha,Municipality,252247
KERALA,ERNAKULAM,Aluva,Municipality,252211
KERALA,ERNAKULAM,Angamaly,Municipality,252208
KERALA,KANNUR,Anthur,Municipality,272915
KERALA,THIRUVANANTHAPURAM,Attingal,Municipality,252258
KERALA,KANNUR,Cannanore,Municipal Council,277290
KERALA,THRISSUR,Chalakudy,Municipality,252205
KERALA,KOTTAYAM,Changanassery,Municipality,252239
KERALA,THRISSUR,Chavakkad,Municipality,252181
KERALA,ALAPPUZHA,Chengannur,Municipality,252249
KERALA,PALAKKAD,Cherpulassery,Municipality,272906
KERALA,ALAPPUZHA,Cherthala,Municipality,252242
KERALA,PALAKKAD,Chittur-Thathamangalam,Municipality,252178
KERALA,ERNAKULAM,Eloor,Municipality,252218
KERALA,KOTTAYAM,Erattupetta,Municipality,272892
KERALA,KOTTAYAM,Ettumanoor,Municipality,272891
KERALA,KOZHIKODE,Feroke,Municipality,272900
KERALA,THRISSUR,Guruvayoor,Municipality,252184
KERALA,ALAPPUZHA,Harippad,Municipality,272880
KERALA,THRISSUR,Irinjalakuda,Municipality,252204
KERALA,KANNUR,Iritty,Municipality,272890
KERALA,ERNAKULAM,Kalamassery,Municipality,252224
KERALA,WAYANAD,Kalpetta,Municipality,252155
KERALA,KASARAGOD,Kanhangad,Municipality,252110
KERALA,KANNUR,Kannur,Municipal Corporation,252125
KERALA,KOLLAM,Karunagappally,Municipality,259707
KERALA,KASARAGOD,Kasaragod,Municipality,252108
KERALA,IDUKKI,Kattappana,Municipality,272883
KERALA,ALAPPUZHA,Kayamkulam,Municipality,252248
KERALA,ERNAKULAM,Kochi,Municipal Corporation,252220
KERALA,THRISSUR,Kodungallur,Municipality,252200
KERALA,KOZHIKODE,Koduvally,Municipality,272897
KERALA,KOLLAM,Kollam,Municipal Corporation,252255
KERALA,MALAPPURAM,Kondotty,Municipality,272901
KERALA,ERNAKULAM,Koothattukulam,Municipality,272881
KERALA,KANNUR,Koothuparamba,Municipality,252144
KERALA,ERNAKULAM,Kothamangalam,Municipality,252231
KERALA,MALAPPURAM,Kottakkal,Municipality,259709
KERALA,KOLLAM,Kottarakkara,Municipality,272889
KERALA,KOTTAYAM,Kottayam,Municipality,252238
KERALA,KOZHIKODE,koyilandy,Municipality,252159
KERALA,KOZHIKODE,Kozhikode,Municipal Corporation,252160
KERALA,THRISSUR,Kunnamkulam,Municipality,252180
KERALA,MALAPPURAM,Malappuram,Municipality,252170
KERALA,WAYANAD,Mananthavady,Municipality,272910
KERALA,MALAPPURAM,Manjeri,Municipality,252169
KERALA,PALAKKAD,Mannarkad,Municipality,272907
KERALA,ERNAKULAM,Maradu,Municipality,252226
KERALA,KANNUR,Mattannur,Municipality,252139
KERALA,ALAPPUZHA,Mavelikkara,Municipality,252250
KERALA,KOZHIKODE,Mukkom,Municipality,272898
KERALA,ERNAKULAM,Muvattupuzha,Municipality,252230
KERALA,THIRUVANANTHAPURAM,Nedumangad,Municipality,252259
KERALA,THIRUVANANTHAPURAM,Neyyattinkara,Municipality,252261
KERALA,MALAPPURAM,Nilambur,Municipality,259710
KERALA,KASARAGOD,Nileshwar,Municipality,259711
KERALA,PALAKKAD,Ottappalam,Municipality,252175
KERALA,KOTTAYAM,Palai,Municipality,252234
KERALA,PALAKKAD,Palakkad,Municipality,252176
KERALA,PATHANAMTHITTA,Pandalam,Municipality,272908
KERALA,KANNUR,Panoor,Municipality,272885
KERALA,MALAPPURAM,Parappanangadi,Municipality,272912
KERALA,KOLLAM,Paravoor,Municipality,252256
KERALA,ERNAKULAM,Paravur,Municipality,252215
KERALA,PATHANAMTHITTA,Pathanamthitta,Municipality,252252
KERALA,PALAKKAD,Pattambi,Municipality,272905
KERALA,KANNUR,Payyannur,Municipality,252111
KERALA,KOZHIKODE,Payyoli,Municipality,272896
KERALA,MALAPPURAM,Perinthalmanna,Municipality,252171
KERALA,ERNAKULAM,Perumbavoor,Municipality,252207
KERALA,ERNAKULAM,Piravom,Municipality,272882
KERALA,MALAPPURAM,Ponnani,Municipality,252173
KERALA,KOLLAM,Punalur,Municipality,252254
KERALA,KOZHIKODE,Ramanattukara,Municipality,272899
KERALA,PALAKKAD,Shoranur,Municipality,252174
KERALA,KANNUR,Sreekandapuram,Municipality,272884
KERALA,WAYANAD,Sulthanbathery,Municipality,272911
KERALA,KANNUR,Taliparamba,Municipality,252112
KERALA,MALAPPURAM,Tanur,Municipality,272904
KERALA,KANNUR,Thalassery,Municipality,252149
KERALA,PATHANAMTHITTA,Thiruvalla,Municipality,252251
KERALA,THIRUVANANTHAPURAM,Thiruvananthapuram,Municipal Corporation,252260
KERALA,IDUKKI,Thodupuzha,Municipality,252233
KERALA,ERNAKULAM,Thrikkakara,Municipality,259708
KERALA,ERNAKULAM,Thrippunithura,Municipality,252227
KERALA,THRISSUR,Thrissur,Municipal Corporation,252194
KERALA,MALAPPURAM,Tirur,Municipality,252172
KERALA,MALAPPURAM,Tirurangadi,Municipality,272903
KERALA,KOTTAYAM,Vaikom,Municipality,252236
KERALA,MALAPPURAM,Valanchery,Municipality,272902
KERALA,THIRUVANANTHAPURAM,Varkala,Municipality,252257
KERALA,KOZHIKODE,Vatakara,Municipality,252157
KERALA,THRISSUR,Wadakkanchery,Municipality,272909
LADAKH,KARGIL,Kargil,Municipality,248178
LADAKH,LEH LADAKH,Leh,Municipality,248177
MADHYA PRADESH,AGAR MALWA,Agar,Municipality,250858
MADHYA PRADESH,PANNA,Ajaygarh,Town Panchayat,250749
MADHYA PRADESH,BHIND,Akoda,Town Panchayat,250685
MADHYA PRADESH,SHAJAPUR,Akodia,Town Panchayat,250863
MADHYA PRADESH,BHIND,Alampur,Town Panchayat,250692
MADHYA PRADESH,ALIRAJPUR,Alirajpur,Municipality,250882
MADHYA PRADESH,RATLAM,Alot,Town Panchayat,250839
MADHYA PRADESH,PANNA,Amanganj,Town Panchayat,250753
MADHYA PRADESH,ANUPPUR,Amarkantak,Town Panchayat,253195
MADHYA PRADESH,SATNA,Amarpatan,Town Panchayat,250786
MADHYA PRADESH,CHHINDWARA,Amarwara,Municipality,251008
MADHYA PRADESH,MORENA,Ambah,Municipality,250675
MADHYA PRADESH,BETUL,AMLA,Municipality,248073
MADHYA PRADESH,BARWANI,Anjad,Town Panchayat,250915
MADHYA PRADESH,GWALIOR,Antari,Town Panchayat,250699
MADHYA PRADESH,ANUPPUR,ANUPPUR NP,Municipality,265847
MADHYA PRADESH,GUNA,Aron,Town Panchayat,250719
MADHYA PRADESH,ASHOKNAGAR,Ashoknagar,Municipality,250715
MADHYA PRADESH,SEHORE,Ashta,Municipality,250949
MADHYA PRADESH,NEEMUCH,Athana,Town Panchayat,293817
MADHYA PRADESH,BETUL,Athner,Town Panchayat,263361
MADHYA PRADESH,HOSHANGABAD,Babai,Town Panchayat,250975
MADHYA PRADESH,TIKAMGARH,Badagaon,Town Panchayat,290258
MADHYA PRADESH,AGAR MALWA,Badagaon Shajapur,Town Panchayat,250733
MADHYA PRADESH,CHHATARPUR,Bada -Malhera,Town Panchayat,250744
MADHYA PRADESH,SHIVPURI,Badarwas,Town Panchayat,250709
MADHYA PRADESH,RATLAM,Badawada,Town Panchayat,250838
MADHYA PRADESH,RAISEN,Badi,Town Panchayat,250961
MADHYA PRADESH,CHHINDWARA,Badkuhi,Town Panchayat,251025
MADHYA PRADESH,UJJAIN,Badnagar,Municipality,250852
MADHYA PRADESH,DHAR,Badnawar,Town Panchayat,250884
MADHYA PRADESH,AGAR MALWA,Badod,Town Panchayat,250857
MADHYA PRADESH,SHEOPUR,Badoda,Town Panchayat,250674
MADHYA PRADESH,DATIA,Badonee,Town Panchayat,277237
MADHYA PRADESH,DEWAS,Bagali,Town Panchayat,290389
MADHYA PRADESH,DHAR,Bagh,Town Panchayat,298930
MADHYA PRADESH,BALAGHAT,Baihar,Town Panchayat,251041
MADHYA PRADESH,REWA,Baikunthpur,Town Panchayat,250792
MADHYA PRADESH,SHIVPURI,Bairad,Town Panchayat,263211
MADHYA PRADESH,SHAHDOL,Bakho,Town Panchayat,298926
MADHYA PRADESH,BALAGHAT,Balaghat,Municipality,251040
MADHYA PRADESH,SATNA,Baldevgarh,Town Panchayat,290276
MADHYA PRADESH,MANDLA,BAMHNI BANJAR,Town Panchayat,289260
MADHYA PRADESH,SAGAR,Banda,Town Panchayat,250760
MADHYA PRADESH,SAGAR,BANDRI,Town Panchayat,297114
MADHYA PRADESH,HOSHANGABAD,BANKHEDI,Town Panchayat,263020
MADHYA PRADESH,MORENA,Banmor,Town Panchayat,250678
MADHYA PRADESH,JABALPUR,Barela,Town Panchayat,250997
MADHYA PRADESH,RAISEN,Bareli,Town Panchayat,250962
MADHYA PRADESH,SEONI,Barghat,Town Panchayat,251034
MADHYA PRADESH,KATNI,Barhi,Town Panchayat,250978
MADHYA PRADESH,CHHATARPUR,Barigarh,Town Panchayat,250734
MADHYA PRADESH,KHARGONE,Barwaha,Municipality,250907
MADHYA PRADESH,BARWANI,Barwani,Municipality,250914
MADHYA PRADESH,RAISEN,Begamganj,Municipality,250957
MADHYA PRADESH,SHAHDOL,Beohari,Town Panchayat,250805
MADHYA PRADESH,BHOPAL,Berasia,Municipality,250945
MADHYA PRADESH,INDORE,Betma,Town Panchayat,250897
MADHYA PRADESH,BETUL,BETUL,Municipality,248072
MADHYA PRADESH,BETUL,BETUL BAZAR,Town Panchayat,248070
MADHYA PRADESH,BETUL,Bhainsdehi,Town Panchayat,250964
MADHYA PRADESH,DATIA,Bhander,Town Panchayat,250704
MADHYA PRADESH,MANDSAUR,Bhanpura,Town Panchayat,250827
MADHYA PRADESH,DEWAS,Bhaurasa,Town Panchayat,250865
MADHYA PRADESH,ALIRAJPUR,Bhavra,Town Panchayat,250880
MADHYA PRADESH,JABALPUR,Bhedaghat,Town Panchayat,250996
MADHYA PRADESH,MANDSAUR,Bhensoda,Town Panchayat,298922
MADHYA PRADESH,KHARGONE,Bhikangaon,Town Panchayat,250912
MADHYA PRADESH,BHIND,Bhind,Municipality,250684
MADHYA PRADESH,GWALIOR,Bhitarwar,Town Panchayat,250700
MADHYA PRADESH,BHOPAL,Bhopal,Municipal Corporation,250946
MADHYA PRADESH,CHHINDWARA,BHUWA BICHHIA,Town Panchayat,253171
MADHYA PRADESH,RAJGARH,Biaora,Municipality,250934
MADHYA PRADESH,CHHINDWARA,Bichhua,Town Panchayat,263072
MADHYA PRADESH,CHHATARPUR,Bijawar,Town Panchayat,250747
MADHYA PRADESH,ANUPPUR,Bijuri,Municipality,253194
MADHYA PRADESH,GWALIOR,Bilaua,Town Panchayat,250695
MADHYA PRADESH,SAGAR,Bilhara,Town Panchayat,298917
MADHYA PRADESH,SAGAR,Bina,Municipality,250755
MADHYA PRADESH,SATNA,Birsinghpur,Town Panchayat,250778
MADHYA PRADESH,KHARGONE,Bistan,Town Panchayat,298931
MADHYA PRADESH,RAJGARH,Boda,Town Panchayat,250938
MADHYA PRADESH,SEHORE,Budni,Town Panchayat,250952
MADHYA PRADESH,BURHANPUR,Burhanpur,Municipal Corporation,250925
MADHYA PRADESH,SHAHDOL,Burhar,Town Panchayat,250808
MADHYA PRADESH,CHHATARPUR,Buxwaha,Town Panchayat,250748
MADHYA PRADESH,GUNA,Chachaura -Binaganj,Town Panchayat,250720
MADHYA PRADESH,REWA,Chakghat,Town Panchayat,250788
MADHYA PRADESH,CHHINDWARA,Chand,Town Panchayat,250756
MADHYA PRADESH,CHHINDWARA,Chandameta -Butaria,Town Panchayat,251023
MADHYA PRADESH,ASHOKNAGAR,Chanderi,Municipality,250713
MADHYA PRADESH,UMARIA,Chandia,Town Panchayat,250800
MADHYA PRADESH,CHHATARPUR,Chandla,Town Panchayat,250736
MADHYA PRADESH,CHHINDWARA,Chaurai,Municipality,251009
MADHYA PRADESH,SEONI,Chhapara,Town Panchayat,298932
MADHYA PRADESH,RAJGARH,Chhapiheda,Town Panchayat,262992
MADHYA PRADESH,CHHATARPUR,Chhatarpur,Municipality,250741
MADHYA PRADESH,CHHINDWARA,Chhindwara,Municipal Corporation,251026
MADHYA PRADESH,NARSINGHPUR,Chichli,Town Panchayat,251000
MADHYA PRADESH,BETUL,CHICHOLI,Town Panchayat,263218
MADHYA PRADESH,SATNA,Chitrakoot,Town Panchayat,250777
MADHYA PRADESH,SIDHI,CHURHAT,Town Panchayat,248068
MADHYA PRADESH,REWA,Dabhaura,Town Panchayat,298925
MADHYA PRADESH,BHIND,Daboh,Town Panchayat,250693
MADHYA PRADESH,GWALIOR,Dabra,Municipality,250698
MADHYA PRADESH,DHAR,Dahi,Town Panchayat,290394
MADHYA PRADESH,DAMOH,Damoh,Municipality,250774
MADHYA PRADESH,CHHINDWARA,Damua,Municipality,293808
MADHYA PRADESH,DATIA,Datia,Municipality,250703
MADHYA PRADESH,SAGAR,Deori,Municipality,250770
MADHYA PRADESH,INDORE,Depalpur,Town Panchayat,250896
MADHYA PRADESH,PANNA,Devendranagar,Town Panchayat,250751
MADHYA PRADESH,DEWAS,Dewas,Municipal Corporation,250867
MADHYA PRADESH,DHAR,Dhamnod- Dhar,Town Panchayat,290379
MADHYA PRADESH,RATLAM,Dhamnod Ratlam,Town Panchayat,250893
MADHYA PRADESH,SHAHDOL,Dhanpuri,Municipality,250809
MADHYA PRADESH,DHAR,Dhar,Municipality,250887
MADHYA PRADESH,DHAR,Dharampuri,Town Panchayat,250894
MADHYA PRADESH,NEEMUCH,Diken,Town Panchayat,250821
MADHYA PRADESH,DINDORI,Dindori,Town Panchayat,290390
MADHYA PRADESH,ANUPPUR,Dola,Town Panchayat,298927
MADHYA PRADESH,CHHINDWARA,Dongar Parasia,Municipality,251022
MADHYA PRADESH,ANUPPUR,Doomar Kachhar,Town Panchayat,298928
MADHYA PRADESH,NARSINGHPUR,Gadarwara,Municipality,250999
MADHYA PRADESH,RAISEN,Gairatganj,Town Panchayat,250956
MADHYA PRADESH,DHAR,Gandhwani,Town Panchayat,298929
MADHYA PRADESH,VIDISHA,Ganjbasoda,Municipality,293809
MADHYA PRADESH,SAGAR,Garhakota,Municipality,250768
MADHYA PRADESH,CHHATARPUR,Garhi -Malhara,Town Panchayat,250739
MADHYA PRADESH,MANDSAUR,Garoth,Town Panchayat,250831
MADHYA PRADESH,BETUL,Ghodadongri,Town Panchayat,298919
MADHYA PRADESH,CHHATARPUR,Ghuwara,Town Panchayat,250745
MADHYA PRADESH,BHIND,Gohad,Municipality,250688
MADHYA PRADESH,BHIND,Gormi,Town Panchayat,250686
MADHYA PRADESH,NARSINGHPUR,Gotegaon,Municipality,250998
MADHYA PRADESH,REWA,Govindgarh,Town Panchayat,250798
MADHYA PRADESH,GUNA,Guna,Municipality,250714
MADHYA PRADESH,PANNA,Gunnor,Town Panchayat,297930
MADHYA PRADESH,REWA,Gurh,Town Panchayat,250799
MADHYA PRADESH,GWALIOR,Gwalior,Municipal Corporation,250694
MADHYA PRADESH,REWA,Hanumana,Town Panchayat,250794
MADHYA PRADESH,HARDA,Harda,Municipality,250967
MADHYA PRADESH,CHHATARPUR,Harpalpur,Town Panchayat,250737
MADHYA PRADESH,CHHINDWARA,Harrai,Town Panchayat,251007
MADHYA PRADESH,EAST NIMAR,Harsud,Town Panchayat,250920
MADHYA PRADESH,INDORE,Hatod,Town Panchayat,250900
MADHYA PRADESH,DEWAS,Hatpipalya,Town Panchayat,250872
MADHYA PRADESH,DAMOH,Hatta,Municipality,250771
MADHYA PRADESH,DAMOH,Hindoria,Town Panchayat,250773
MADHYA PRADESH,HOSHANGABAD,Hoshangabad,Municipality,250974
MADHYA PRADESH,SEHORE,Ichhawar,Town Panchayat,250950
MADHYA PRADESH,DATIA,Indergarh,Town Panchayat,250702
MADHYA PRADESH,INDORE,Indore,Municipal Corporation,250901
MADHYA PRADESH,ASHOKNAGAR,Isagarh,Town Panchayat,250712
MADHYA PRADESH,HOSHANGABAD,Itarsi,Municipality,250970
MADHYA PRADESH,JABALPUR,Jabalpur,Municipal Corporation,250995
MADHYA PRADESH,JABALPUR,Jabalpur,Municipal Council,277265
MADHYA PRADESH,SHAHDOL,Jaisinghnagar,Town Panchayat,250806
MADHYA PRADESH,ANUPPUR,Jaithari,Town Panchayat,253196
MADHYA PRADESH,SATNA,Jaitwara,Town Panchayat,250780
MADHYA PRADESH,CHHINDWARA,Jamai,Municipality,251010
MADHYA PRADESH,RATLAM,Jaora,Municipality,250837
MADHYA PRADESH,TIKAMGARH,Jatara,Town Panchayat,290257
MADHYA PRADESH,NEEMUCH,Jawad,Town Panchayat,250822
MADHYA PRADESH,SEHORE,Jawar,Town Panchayat,250948
MADHYA PRADESH,Niwari,Jeron khalsa,Town Panchayat,290323
MADHYA PRADESH,JHABUA,Jhabua,Municipality,250879
MADHYA PRADESH,MORENA,Jhundpura,Town Panchayat,250681
MADHYA PRADESH,NEEMUCH,Jiran,Town Panchayat,250824
MADHYA PRADESH,RAJGARH,Jirapur,Town Panchayat,250929
MADHYA PRADESH,ALIRAJPUR,Jobat,Town Panchayat,250881
MADHYA PRADESH,MORENA,Joura,Town Panchayat,250679
MADHYA PRADESH,MORENA,Kailaras,Town Panchayat,250680
MADHYA PRADESH,PANNA,Kakarhati,Town Panchayat,250752
MADHYA PRADESH,AGAR MALWA,Kanad,Town Panchayat,250859
MADHYA PRADESH,DEWAS,Kannod,Town Panchayat,250868
MADHYA PRADESH,DEWAS,Kantaphod,Town Panchayat,250870
MADHYA PRADESH,KHARGONE,Karahi,Town Panchayat,293822
MADHYA PRADESH,NARSINGHPUR,Kareli,Municipality,251002
MADHYA PRADESH,SHIVPURI,Karera,Town Panchayat,250707
MADHYA PRADESH,TIKAMGARH,Kari,Town Panchayat,290256
MADHYA PRADESH,DEWAS,Karnawad,Town Panchayat,250873
MADHYA PRADESH,KHARGONE,Kasrawad,Town Panchayat,250911
MADHYA PRADESH,JABALPUR,Katangi Balaghat,Town Panchayat,250984
MADHYA PRADESH,BALAGHAT,Katangi Jabalpur,Town Panchayat,251035
MADHYA PRADESH,SEONI,Keolari,Town Panchayat,298933
MADHYA PRADESH,UJJAIN,Khacharod,Municipality,250845
MADHYA PRADESH,CHHATARPUR,Khajuraho,Town Panchayat,250743
MADHYA PRADESH,SHAHDOL,Khand - Bansagar,Town Panchayat,250804
MADHYA PRADESH,EAST NIMAR,Khandwa,Municipal Corporation,250923
MADHYA PRADESH,SHIVPURI,Khaniyadhana,Town Panchayat,250711
MADHYA PRADESH,TIKAMGARH,Khargapur,Town Panchayat,290306
MADHYA PRADESH,KHARGONE,Khargone,Municipality,250913
MADHYA PRADESH,DEWAS,Khategaon,Town Panchayat,250875
MADHYA PRADESH,BARWANI,Khetia,Town Panchayat,250918
MADHYA PRADESH,RAJGARH,Khilchipur,Town Panchayat,250930
MADHYA PRADESH,HARDA,Khirkiya,Town Panchayat,250966
MADHYA PRADESH,RAJGARH,Khujner,Town Panchayat,250932
MADHYA PRADESH,SAGAR,Khurai,Municipality,250758
MADHYA PRADESH,SHIVPURI,Kolaras,Town Panchayat,250708
MADHYA PRADESH,SATNA,Kotar,Town Panchayat,250784
MADHYA PRADESH,SATNA,Kothi,Town Panchayat,250779
MADHYA PRADESH,SEHORE,Kothri,Town Panchayat,290383
MADHYA PRADESH,ANUPPUR,Kotma,Municipality,253193
MADHYA PRADESH,NEEMUCH,Kukdeshwar,Town Panchayat,253134
MADHYA PRADESH,DHAR,Kukshi,Town Panchayat,250891
MADHYA PRADESH,GUNA,Kumbhraj,Town Panchayat,250718
MADHYA PRADESH,RAJGARH,KURAWAR,Town Panchayat,262908
MADHYA PRADESH,VIDISHA,Kurwai,Town Panchayat,250942
MADHYA PRADESH,KATNI,Kymore,Town Panchayat,250980
MADHYA PRADESH,BHIND,Lahar,Municipality,250691
MADHYA PRADESH,SEONI,Lakhnadon,Town Panchayat,251031
MADHYA PRADESH,BALAGHAT,Lanji,Town Panchayat,253162
MADHYA PRADESH,VIDISHA,Lateri,Town Panchayat,250940
MADHYA PRADESH,CHHATARPUR,Lavkush nagar,Town Panchayat,250735
MADHYA PRADESH,TIKAMGARH,Lidhorakhas,Town Panchayat,290253
MADHYA PRADESH,CHHINDWARA,Lodhikheda,Town Panchayat,251029
MADHYA PRADESH,DEWAS,Loharda,Town Panchayat,250869
MADHYA PRADESH,RAJGARH,Machalpur,Town Panchayat,250928
MADHYA PRADESH,GUNA,Madhusudangarh,Town Panchayat,299255
MADHYA PRADESH,SHIVPURI,Magroni,Town Panchayat,299299
MADHYA PRADESH,CHHATARPUR,Maharajpur,Municipality,250740
MADHYA PRADESH,KHARGONE,Maheshwar,Town Panchayat,250909
MADHYA PRADESH,UJJAIN,Mahidpur,Municipality,250849
MADHYA PRADESH,SATNA,Maihar,Municipality,250787
MADHYA PRADESH,SIDHI,MAJHAULI,Town Panchayat,250818
MADHYA PRADESH,UJJAIN,makdon,Town Panchayat,263205
MADHYA PRADESH,SAGAR,Makronia Buzurg,Municipality,250766
MADHYA PRADESH,SHAJAPUR,Maksi,Town Panchayat,250861
MADHYA PRADESH,BALAGHAT,Malajkhand,Municipality,251042
MADHYA PRADESH,BHIND,Malanpur,Town Panchayat,298924
MADHYA PRADESH,MANDSAUR,Malhargarh,Town Panchayat,250828
MADHYA PRADESH,SAGAR,MALTHONE,Town Panchayat,297116
MADHYA PRADESH,NEEMUCH,Manasa,Town Panchayat,250826
MADHYA PRADESH,DHAR,Manawar,Municipality,250892
MADHYA PRADESH,DHAR,Mandav,Town Panchayat,250889
MADHYA PRADESH,RAISEN,Mandideep,Municipality,250959
MADHYA PRADESH,MANDLA,mandla,Municipality,289259
MADHYA PRADESH,KHARGONE,Mandleshwar,Town Panchayat,250910
MADHYA PRADESH,MANDSAUR,Mandsaur,Municipality,250833
MADHYA PRADESH,REWA,Mangawan,Town Panchayat,250793
MADHYA PRADESH,JABALPUR,Manjholi Jabalpur,Town Panchayat,250982
MADHYA PRADESH,INDORE,Manpur,Town Panchayat,250906
MADHYA PRADESH,UMARIA,MANPURR,Town Panchayat,297136
MADHYA PRADESH,BHIND,Mau,Town Panchayat,250689
MADHYA PRADESH,REWA,Mauganj,Town Panchayat,250796
MADHYA PRADESH,JHABUA,Meghnagar new,Town Panchayat,273379
MADHYA PRADESH,BHIND,MEHGAON,Town Panchayat,290392
MADHYA PRADESH,INDORE,Mhow,Municipal Council,277272
MADHYA PRADESH,INDORE,Mhowgaon,Town Panchayat,250905
MADHYA PRADESH,BHIND,Mihona,Town Panchayat,250690
MADHYA PRADESH,CHHINDWARA,Mohgaon,Town Panchayat,251028
MADHYA PRADESH,GWALIOR,Mohna,Town Panchayat,299289
MADHYA PRADESH,GWALIOR,Morar,Municipal Council,277296
MADHYA PRADESH,MORENA,Morena,Municipal Corporation,250677
MADHYA PRADESH,BETUL,MULTAI,Municipality,248071
MADHYA PRADESH,EAST NIMAR,Mundi,Town Panchayat,250922
MADHYA PRADESH,ASHOKNAGAR,Mungaoli,Town Panchayat,250717
MADHYA PRADESH,KATNI,Murwara - Katni,Municipal Corporation,250979
MADHYA PRADESH,MANDLA,"NAGAR PALIKA, NAINPUR",Municipality,248075
MADHYA PRADESH,PANNA,Nagar Parishad Gunour,Town Panchayat,298911
MADHYA PRADESH,UJJAIN,Nagda,Municipality,250846
MADHYA PRADESH,SATNA,Nagod,Town Panchayat,250782
MADHYA PRADESH,MANDSAUR,Nagri,Town Panchayat,250834
MADHYA PRADESH,REWA,Nai-Garhi,Town Panchayat,250795
MADHYA PRADESH,AGAR MALWA,Nalkheda,Town Panchayat,250855
MADHYA PRADESH,RATLAM,Namli,Town Panchayat,250842
MADHYA PRADESH,MANDSAUR,Narayangarh,Town Panchayat,250829
MADHYA PRADESH,NARSINGHPUR,Narsimhapur,Municipality,251001
MADHYA PRADESH,RAJGARH,Narsinghgarh,Municipality,250937
MADHYA PRADESH,SHIVPURI,Narwar,Town Panchayat,250706
MADHYA PRADESH,SEHORE,Nasrullaganj,Town Panchayat,250951
MADHYA PRADESH,NEEMUCH,NAYAGOAN,Town Panchayat,263154
MADHYA PRADESH,NEEMUCH,Neemuch,Municipality,250823
MADHYA PRADESH,DEWAS,NEMAWAR,Town Panchayat,274350
MADHYA PRADESH,BURHANPUR,Nepanagar,Municipality,250927
MADHYA PRADESH,SATNA,New Ramnagar,Town Panchayat,293819
MADHYA PRADESH,CHHINDWARA,Newton Chikhli Kalan,Town Panchayat,251018
MADHYA PRADESH,BARWANI,Niwali Bujurg,Town Panchayat,297118
MADHYA PRADESH,Niwari,Niwari,Town Panchayat,290382
MADHYA PRADESH,MANDLA,NIWAS,Town Panchayat,253170
MADHYA PRADESH,CHHATARPUR,Nowgong,Municipality,250738
MADHYA PRADESH,UMARIA,Nowrozabad - Khodargama,Town Panchayat,250803
MADHYA PRADESH,RAISEN,Obedullaganj,Town Panchayat,250960
MADHYA PRADESH,EAST NIMAR,Omkareshwar,Town Panchayat,250921
MADHYA PRADESH,Niwari,Orchha,Town Panchayat,293827
MADHYA PRADESH,HOSHANGABAD,Pachmari,Municipal Council,277274
MADHYA PRADESH,RAJGARH,Pachore,Town Panchayat,250935
MADHYA PRADESH,TIKAMGARH,Palera,Town Panchayat,290343
MADHYA PRADESH,UMARIA,Pali,Municipality,250802
MADHYA PRADESH,BARWANI,Palsud,Town Panchayat,253251
MADHYA PRADESH,JABALPUR,Panagar,Municipality,250987
MADHYA PRADESH,EAST NIMAR,Pandhana,Town Panchayat,250924
MADHYA PRADESH,CHHINDWARA,Pandhurna,Municipality,251030
MADHYA PRADESH,SHAJAPUR,PANKHEDI KALAPIPAL,Town Panchayat,263010
MADHYA PRADESH,PANNA,Panna,Municipality,250750
MADHYA PRADESH,BARWANI,Pansemal,Town Panchayat,250917
MADHYA PRADESH,ANUPPUR,Pasan,Municipality,253197
MADHYA PRADESH,JABALPUR,Patan,Town Panchayat,250985
MADHYA PRADESH,DAMOH,Patera,Town Panchayat,293826
MADHYA PRADESH,DAMOH,Patharia,Town Panchayat,250772
MADHYA PRADESH,PANNA,Pawai,Town Panchayat,250754
MADHYA PRADESH,JHABUA,Petlawad,Town Panchayat,250877
MADHYA PRADESH,BHIND,Phuphkalan,Town Panchayat,250683
MADHYA PRADESH,GWALIOR,Pichhore Gwalior,Town Panchayat,250697
MADHYA PRADESH,SHIVPURI,Pichhore Shivpuri,Town Panchayat,250710
MADHYA PRADESH,DEWAS,Pipalrawan,Town Panchayat,290272
MADHYA PRADESH,HOSHANGABAD,Pipariya,Municipality,250977
MADHYA PRADESH,CHHINDWARA,Pipla narayanwar,Town Panchayat,290395
MADHYA PRADESH,RATLAM,Piploda,Town Panchayat,250836
MADHYA PRADESH,MANDSAUR,Piplya Mandi,Town Panchayat,250830
MADHYA PRADESH,ASHOKNAGAR,Piprai,Town Panchayat,299252
MADHYA PRADESH,DHAR,Pithampur,Municipality,250888
MADHYA PRADESH,SHIVPURI,Pohari,Town Panchayat,289710
MADHYA PRADESH,SHAJAPUR,Polaykalan,Town Panchayat,250864
MADHYA PRADESH,MORENA,Porsa,Municipality,250676
MADHYA PRADESH,TIKAMGARH,Prithvipur,Town Panchayat,293821
MADHYA PRADESH,GUNA,Raghogarh-Vijaypur,Municipality,250716
MADHYA PRADESH,SAGAR,Rahatgarh,Town Panchayat,250761
MADHYA PRADESH,RAISEN,Raisen,Municipality,250955
MADHYA PRADESH,RAJGARH,Rajgarh,Municipality,250885
MADHYA PRADESH,DHAR,Rajgarh,Town Panchayat,250931
MADHYA PRADESH,CHHATARPUR,Rajnagar,Town Panchayat,250742
MADHYA PRADESH,ANUPPUR,Rajnagar Bangawan,Town Panchayat,299278
MADHYA PRADESH,BARWANI,Rajpur,Town Panchayat,250916
MADHYA PRADESH,NEEMUCH,Rampura,Town Panchayat,250825
MADHYA PRADESH,SATNA,Rampur Baghelan,Town Panchayat,250785
MADHYA PRADESH,SIDHI,RAMPUR NAIKIN,Town Panchayat,248067
MADHYA PRADESH,JHABUA,Ranapur,Town Panchayat,250883
MADHYA PRADESH,SHIVPURI,Rannod,Town Panchayat,298921
MADHYA PRADESH,BHIND,Raon,Town Panchayat,298923
MADHYA PRADESH,NEEMUCH,Ratangarh,Town Panchayat,250820
MADHYA PRADESH,RATLAM,Ratlam,Municipal Corporation,250843
MADHYA PRADESH,INDORE,Rau,Town Panchayat,250904
MADHYA PRADESH,SAGAR,Rehli,Municipality,250769
MADHYA PRADESH,SEHORE,Rehti,Town Panchayat,250953
MADHYA PRADESH,REWA,Rewa,Municipal Corporation,250797
MADHYA PRADESH,INDORE,Runji -Gautampura,Town Panchayat,250895
MADHYA PRADESH,MORENA,Sabalgarh,Municipality,250682
MADHYA PRADESH,SAGAR,Sagar,Municipal Corporation,250764
MADHYA PRADESH,RATLAM,Sailana,Town Panchayat,250841
MADHYA PRADESH,NARSINGHPUR,Sainkheda,Town Panchayat,263217
MADHYA PRADESH,NARSINGHPUR,Salichauka,Town Panchayat,293820
MADHYA PRADESH,VIDISHA,SAMSABAD,Town Panchayat,262993
MADHYA PRADESH,KHARGONE,Sanawad,Municipality,250908
MADHYA PRADESH,RAISEN,Sanchi,Town Panchayat,250954
MADHYA PRADESH,RAJGARH,Sarangpur,Municipality,250936
MADHYA PRADESH,DHAR,Sardarpur,Town Panchayat,250886
MADHYA PRADESH,BETUL,SARNI,Municipality,248069
MADHYA PRADESH,NEEMUCH,SARWANIYA MAHARAJ,Town Panchayat,263155
MADHYA PRADESH,CHHATARPUR,Satai,Town Panchayat,250746
MADHYA PRADESH,SATNA,Satna,Municipal Corporation,250781
MADHYA PRADESH,DEWAS,Satwas,Town Panchayat,250871
MADHYA PRADESH,CHHINDWARA,Sausar,Municipality,251027
MADHYA PRADESH,INDORE,Sawer,Town Panchayat,250898
MADHYA PRADESH,SEHORE,Sehore,Municipality,250947
MADHYA PRADESH,REWA,Semaria,Town Panchayat,250791
MADHYA PRADESH,BARWANI,Sendhwa,Municipality,250919
MADHYA PRADESH,DATIA,Seondha,Town Panchayat,250701
MADHYA PRADESH,SEONI,Seoni,Municipality,251033
MADHYA PRADESH,HOSHANGABAD,Seoni-Malwa,Municipality,250969
MADHYA PRADESH,ASHOKNAGAR,Shadora,Town Panchayat,262977
MADHYA PRADESH,SHAHDOL,Shahdol,Municipality,250807
MADHYA PRADESH,SEHORE,Shahganj,Town Panchayat,262903
MADHYA PRADESH,SAGAR,Shahgarh,Town Panchayat,250759
MADHYA PRADESH,BETUL,Shahpur,Town Panchayat,298920
MADHYA PRADESH,DINDORI,Shahpura,Town Panchayat,251003
MADHYA PRADESH,BURHANPUR,Shahpura Dindori,Town Panchayat,250986
MADHYA PRADESH,BURHANPUR,Shahpur Burhanpur,Town Panchayat,250926
MADHYA PRADESH,DINDORI,Shahpur Sagar,Town Panchayat,250965
MADHYA PRADESH,SHAJAPUR,Shajapur,Municipality,250860
MADHYA PRADESH,MANDSAUR,Shamgarh,Town Panchayat,250832
MADHYA PRADESH,SHEOPUR,Sheopur,Municipality,250673
MADHYA PRADESH,SHIVPURI,Shivpuri,Municipality,250705
MADHYA PRADESH,SHAJAPUR,Shujalpur,Municipality,250862
MADHYA PRADESH,SIDHI,SIDHI,Municipality,248065
MADHYA PRADESH,JABALPUR,Sihora,Municipality,250983
MADHYA PRADESH,RAISEN,Silwani,Town Panchayat,253125
MADHYA PRADESH,NEEMUCH,Singoli,Town Panchayat,250819
MADHYA PRADESH,SINGRAULI,SINGRAULI,Municipal Corporation,248066
MADHYA PRADESH,HARDA,Sirali,Town Panchayat,298918
MADHYA PRADESH,REWA,Sirmaur,Town Panchayat,250790
MADHYA PRADESH,VIDISHA,Sironj,Municipality,250941
MADHYA PRADESH,MANDSAUR,Sitamau,Town Panchayat,250835
MADHYA PRADESH,HOSHANGABAD,Sohagpur,Town Panchayat,250976
MADHYA PRADESH,DEWAS,Sonkatch,Town Panchayat,250866
MADHYA PRADESH,AGAR MALWA,Soyatkalan,Town Panchayat,250853
MADHYA PRADESH,RAISEN,Sultanpur,Town Panchayat,250958
MADHYA PRADESH,SAGAR,Surkhi,Town Panchayat,298934
MADHYA PRADESH,AGAR MALWA,Susner,Town Panchayat,250854
MADHYA PRADESH,RAJGARH,Suthaliya,Town Panchayat,250933
MADHYA PRADESH,MANDSAUR,Suwasra,Town Panchayat,290381
MADHYA PRADESH,RATLAM,Tal,Town Panchayat,250840
MADHYA PRADESH,RAJGARH,Talen,Town Panchayat,250939
MADHYA PRADESH,UJJAIN,Tarana,Town Panchayat,250850
MADHYA PRADESH,Niwari,Taricharkala,Town Panchayat,293818
MADHYA PRADESH,DAMOH,Tendukheda- damoh,Town Panchayat,290462
MADHYA PRADESH,NARSINGHPUR,Tendukheda- Narsimhapur,Town Panchayat,290429
MADHYA PRADESH,REWA,Teonthar,Town Panchayat,250789
MADHYA PRADESH,JHABUA,Thandla,Town Panchayat,250876
MADHYA PRADESH,BARWANI,Thikri,Town Panchayat,297119
MADHYA PRADESH,TIKAMGARH,Tikamgarh,Municipality,290285
MADHYA PRADESH,HARDA,Timarni,Town Panchayat,250968
MADHYA PRADESH,DEWAS,Tonk khurd,Town Panchayat,290271
MADHYA PRADESH,RAISEN,Udaipura,Town Panchayat,250963
MADHYA PRADESH,UJJAIN,Ujjain,Municipal Corporation,250851
MADHYA PRADESH,UMARIA,Umaria,Municipality,250801
MADHYA PRADESH,SATNA,Unchahara,Town Panchayat,250783
MADHYA PRADESH,UJJAIN,Unhel,Town Panchayat,250847
MADHYA PRADESH,VIDISHA,Vidisha,Municipality,250944
MADHYA PRADESH,SHEOPUR,Vijaypur,Town Panchayat,250672
MADHYA PRADESH,KATNI,Vijayraghavgarh,Town Panchayat,250981
MADHYA PRADESH,BALAGHAT,Waraseoni,Municipality,251037
MAHARASHTRA,AMRAVATI,Achalpur,Municipality,251323
MAHARASHTRA,GADCHIROLI,AHERI,Town Panchayat,276327
MAHARASHTRA,AHMEDNAGAR,Ahmadnagar,Municipal Corporation,251548
MAHARASHTRA,LATUR,Ahmadpur,Municipality,251562
MAHARASHTRA,AHMEDNAGAR,Ahmednagar,Municipal Council,277285
MAHARASHTRA,KOLHAPUR,Ajara,Town Panchayat,251630
MAHARASHTRA,SOLAPUR,Akkalkot,Municipality,251581
MAHARASHTRA,AKOLA,Akola,Municipal Corporation,251312
MAHARASHTRA,AHMEDNAGAR,Akole,Town Panchayat,275728
MAHARASHTRA,AKOLA,Akot,Municipality,251310
MAHARASHTRA,PUNE,Alandi,Municipality,251521
MAHARASHTRA,RAIGAD,Alibag,Municipality,251503
MAHARASHTRA,JALGAON,Amalner,Municipality,251294
MAHARASHTRA,JALNA,Ambad,Municipality,251424
MAHARASHTRA,BEED,Ambajogai,Municipality,251560
MAHARASHTRA,THANE,Ambarnath,Municipality,251485
MAHARASHTRA,GONDIA,AMGAON,Municipality,276364
MAHARASHTRA,AMRAVATI,Amravati,Municipal Corporation,251328
MAHARASHTRA,AMRAVATI,Anjangaon,Municipality,251322
MAHARASHTRA,NANDED,Ardhapur,Town Panchayat,258020
MAHARASHTRA,GONDIA,ARJUNI,Town Panchayat,276366
MAHARASHTRA,YAVATMAL,Arni,Municipality,259703
MAHARASHTRA,WARDHA,Arvi,Municipality,251332
MAHARASHTRA,SANGLI,Ashta,Municipality,251634
MAHARASHTRA,BEED,Ashti,Town Panchayat,275734
MAHARASHTRA,WARDHA,Ashti (Wardha),Town Panchayat,276380
MAHARASHTRA,HINGOLI,Aundha Nagnath,Town Panchayat,296909
MAHARASHTRA,AURANGABAD,Aurangabad,Municipal Corporation,251428
MAHARASHTRA,AURANGABAD,Aurangabad,Municipal Council,277287
MAHARASHTRA,LATUR,Ausa,Municipality,251563
MAHARASHTRA,YAVATMAL,Babhulgaon Nagar Panchayat,Town Panchayat,272842
MAHARASHTRA,THANE,Badlapur,Municipality,251486
MAHARASHTRA,JALNA,Badnapur,Town Panchayat,276369
MAHARASHTRA,AKOLA,Balapur,Municipality,251311
MAHARASHTRA,CHANDRAPUR,Ballarpur,Municipality,251381
MAHARASHTRA,PUNE,Baramati,Municipality,251536
MAHARASHTRA,SOLAPUR,Barshi,Municipality,251576
MAHARASHTRA,AKOLA,BARSHITAKLI,Town Panchayat,276332
MAHARASHTRA,HINGOLI,Basmath,Municipality,251413
MAHARASHTRA,JALGAON,Bhadgaon,Municipality,253140
MAHARASHTRA,CHANDRAPUR,Bhadravati,Municipality,251375
MAHARASHTRA,NASHIK,Bhagur,Municipality,251444
MAHARASHTRA,GADCHIROLI,BHAMRAGAD,Town Panchayat,276283
MAHARASHTRA,BHANDARA,Bhandara,Municipality,248078
MAHARASHTRA,AMRAVATI,BHATKULI,Town Panchayat,276290
MAHARASHTRA,THANE,Bhiwandi,Municipal Corporation,251477
MAHARASHTRA,NAGPUR,BHIWAPUR,Town Panchayat,263363
MAHARASHTRA,NANDED,Bhokar,Municipality,259697
MAHARASHTRA,JALNA,Bhokardan,Municipality,251422
MAHARASHTRA,PUNE,Bhor,Municipality,251535
MAHARASHTRA,OSMANABAD,Bhum,Municipality,251567
MAHARASHTRA,JALGAON,Bhusawal,Municipality,251290
MAHARASHTRA,BEED,Bid,Municipality,251557
MAHARASHTRA,NANDED,Biloli,Municipality,251406
MAHARASHTRA,JALGAON,BODWAD,Town Panchayat,276272
MAHARASHTRA,CHANDRAPUR,Brahmapuri,Municipality,251373
MAHARASHTRA,BULDHANA,Buldana,Municipality,251305
MAHARASHTRA,NAGPUR,Butibori,Town Panchayat,277411
MAHARASHTRA,PUNE,Chakan,Municipality,251520
MAHARASHTRA,LATUR,CHAKUR,Town Panchayat,276375
MAHARASHTRA,JALGAON,Chalisgaon,Municipality,251296
MAHARASHTRA,GADCHIROLI,CHAMORSHI,Town Panchayat,276329
MAHARASHTRA,KOLHAPUR,Chandgad.,Town Panchayat,290433
MAHARASHTRA,CHANDRAPUR,Chandrapur,Municipal Corporation,248082
MAHARASHTRA,AMRAVATI,Chandur,Municipality,251330
MAHARASHTRA,AMRAVATI,Chandurbazar,Municipality,251324
MAHARASHTRA,NASHIK,CHANDWAD,Municipality,276281
MAHARASHTRA,AMRAVATI,Chikhaldara,Municipality,276634
MAHARASHTRA,BULDHANA,Chikhli,Municipality,251304
MAHARASHTRA,CHANDRAPUR,CHIMUR,Municipality,265713
MAHARASHTRA,RATNAGIRI,Chiplun,Municipality,251602
MAHARASHTRA,JALGAON,Chopda,Municipality,251283
MAHARASHTRA,THANE,Dahanu,Municipality,251451
MAHARASHTRA,SATARA,DAHIWADI,Town Panchayat,276417
MAHARASHTRA,RATNAGIRI,Dapoli Camp,Town Panchayat,251599
MAHARASHTRA,YAVATMAL,Darwha,Municipality,251389
MAHARASHTRA,AMRAVATI,Daryapur Banosa,Municipality,251329
MAHARASHTRA,AMRAVATI,Dattapur Dhamangaon,Municipality,251331
MAHARASHTRA,PUNE,Daund,Municipality,251531
MAHARASHTRA,NANDED,Deglur,Municipality,251410
MAHARASHTRA,PUNE,DEHU,Town Panchayat,298888
MAHARASHTRA,PUNE,Dehurood,Municipal Council,277291
MAHARASHTRA,NASHIK,DEOLA,Town Panchayat,276277
MAHARASHTRA,NASHIK,Deolali,Municipal Council,277292
MAHARASHTRA,AHMEDNAGAR,Deolali Pravara,Municipality,251552
MAHARASHTRA,WARDHA,Deoli,Municipality,251337
MAHARASHTRA,LATUR,DEONI (BK),Town Panchayat,276377
MAHARASHTRA,GONDIA,DEORI,Town Panchayat,276363
MAHARASHTRA,BULDHANA,Deulgaon Raja,Municipality,251306
MAHARASHTRA,SINDHUDURG,Devgad-Jamsande,Town Panchayat,276321
MAHARASHTRA,RATNAGIRI,Devrukh,Town Panchayat,259684
MAHARASHTRA,NANDURBAR,Dhadgaon,Town Panchayat,276345
MAHARASHTRA,YAVATMAL,Dhanki,Town Panchayat,290430
MAHARASHTRA,GADCHIROLI,DHANORA,Town Panchayat,276284
MAHARASHTRA,JALGAON,Dharangaon,Municipality,251293
MAHARASHTRA,NANDED,Dharmabad,Municipality,251404
MAHARASHTRA,AMRAVATI,DHARNI,Town Panchayat,276292
MAHARASHTRA,DHULE,Dhule,Municipal Corporation,251282
MAHARASHTRA,YAVATMAL,Digras,Municipality,251390
MAHARASHTRA,NASHIK,DINDORI,Town Panchayat,276276
MAHARASHTRA,DHULE,Dondaicha-Warwade,Municipality,251281
MAHARASHTRA,SOLAPUR,Dudhani,Municipality,251583
MAHARASHTRA,JALGAON,Erandol,Municipality,251292
MAHARASHTRA,GADCHIROLI,ETAPALLI,Town Panchayat,276330
MAHARASHTRA,JALGAON,Faizpur,Municipality,251285
MAHARASHTRA,AURANGABAD,FULAMBRI,Town Panchayat,276353
MAHARASHTRA,CHANDRAPUR,GADCHANDUR NAGAR PARISHAD,Municipality,265791
MAHARASHTRA,KOLHAPUR,Gadhinglaj,Municipality,251631
MAHARASHTRA,PARBHANI,Gangakhed,Municipality,251420
MAHARASHTRA,AURANGABAD,Gangapur,Municipality,251432
MAHARASHTRA,BEED,Georai,Municipality,251555
MAHARASHTRA,JALNA,GHANSAWANGI,Town Panchayat,276370
MAHARASHTRA,YAVATMAL,Ghatanji,Municipality,251394
MAHARASHTRA,CHANDRAPUR,GHUGUS,Municipality,298902
MAHARASHTRA,GONDIA,Gondiya,Municipality,251371
MAHARASHTRA,CHANDRAPUR,GONDPIMPRI,Town Panchayat,276358
MAHARASHTRA,GONDIA,Goregaon,Town Panchayat,251510
MAHARASHTRA,MUMBAI,Greater Mumbai,Municipal Corporation,251488
MAHARASHTRA,RATNAGIRI,Guhagar,Town Panchayat,251604
MAHARASHTRA,NANDED,Hadgaon,Municipality,251399
MAHARASHTRA,KOLHAPUR,Hatkanangale.,Town Panchayat,290434
MAHARASHTRA,NANDED,HIMAYATNAGAR NAGARPANCHAYAT,Town Panchayat,276606
MAHARASHTRA,WARDHA,Hinganghat,Municipality,251338
MAHARASHTRA,NAGPUR,Hingna,Town Panchayat,263362
MAHARASHTRA,HINGOLI,Hingoli,Municipality,251411
MAHARASHTRA,KOLHAPUR,HUPARI,Municipality,276296
MAHARASHTRA,KOLHAPUR,Ichalkaranji,Municipality,251619
MAHARASHTRA,NASHIK,Igatpuri,Municipality,251445
MAHARASHTRA,PUNE,Indapur,Municipality,251537
MAHARASHTRA,JALNA,JAFRABAD,Town Panchayat,276372
MAHARASHTRA,JALGAON,Jalgaon,Municipal Corporation,276571
MAHARASHTRA,BULDHANA,Jalgaon - Jamod,Municipality,251298
MAHARASHTRA,LATUR,JALKOT,Town Panchayat,276373
MAHARASHTRA,JALNA,Jalna,Municipality,251423
MAHARASHTRA,AHMEDNAGAR,Jamkhed,Municipality,251554
MAHARASHTRA,JALGAON,Jamner,Municipality,253139
MAHARASHTRA,SANGLI,Jath,Municipality,259699
MAHARASHTRA,PALGHAR,Jawhar,Municipality,251453
MAHARASHTRA,KOLHAPUR,Jaysingpur,Municipality,251621
MAHARASHTRA,PUNE,Jejuri,Municipality,251533
MAHARASHTRA,PARBHANI,Jintur,Municipality,251415
MAHARASHTRA,CHANDRAPUR,JIWATI,Town Panchayat,276355
MAHARASHTRA,PUNE,Junnar,Municipality,251516
MAHARASHTRA,SANGLI,Kadegaon.,Town Panchayat,290358
MAHARASHTRA,KOLHAPUR,Kagal,Municipality,251628
MAHARASHTRA,BEED,Kaij,Town Panchayat,259696
MAHARASHTRA,OSMANABAD,Kalamb,Municipality,251568
MAHARASHTRA,YAVATMAL,KALAMB NAGAR PANCHAYAT,Town Panchayat,266073
MAHARASHTRA,NAGPUR,Kalameshwar,Municipality,251342
MAHARASHTRA,HINGOLI,Kalamnuri,Municipality,251412
MAHARASHTRA,NASHIK,KALWAN,Town Panchayat,276278
MAHARASHTRA,THANE,Kalyan-Dombivli,Municipal Corporation,251483
MAHARASHTRA,NAGPUR,Kamploe,Municipal Council,277294
MAHARASHTRA,NAGPUR,Kamptee,Municipality,251356
MAHARASHTRA,NANDED,Kandhar,Municipality,251408
MAHARASHTRA,NAGPUR,Kanhan - Pipri,Municipality,251350
MAHARASHTRA,SINDHUDURG,Kankavli,Town Panchayat,251609
MAHARASHTRA,AURANGABAD,Kannad,Municipality,251426
MAHARASHTRA,SATARA,Karad,Municipality,251598
MAHARASHTRA,WASHIM,Karanja,Town Panchayat,251318
MAHARASHTRA,WARDHA,Karanja Wardha,Town Panchayat,276633
MAHARASHTRA,RAIGAD,Karjat,Municipality,251498
MAHARASHTRA,AHMEDNAGAR,Karjat,Town Panchayat,275729
MAHARASHTRA,SOLAPUR,Karmala,Municipality,251574
MAHARASHTRA,SINDHUDURG,KASAI DODAMARG,Town Panchayat,263884
MAHARASHTRA,NAGPUR,Katol,Municipality,251341
MAHARASHTRA,SANGLI,KAVTHEMAHANKAL,Town Panchayat,276346
MAHARASHTRA,PUNE,Khadki,Municipal Council,277295
MAHARASHTRA,RAIGAD,KHALAPUR,Town Panchayat,276267
MAHARASHTRA,BULDHANA,Khamgaon,Municipality,251302
MAHARASHTRA,SANGLI,KHANAPUR,Town Panchayat,276348
MAHARASHTRA,SATARA,KHANDALA,Town Panchayat,276383
MAHARASHTRA,NAGPUR,Khapa,Municipality,251345
MAHARASHTRA,RATNAGIRI,Khed,Municipality,251601
MAHARASHTRA,RAIGAD,Khopoli,Municipality,251501
MAHARASHTRA,AURANGABAD,Khuldabad,Municipality,251430
MAHARASHTRA,BEED,Kille Dharur,Municipality,251558
MAHARASHTRA,NANDED,Kinwat,Municipality,251398
MAHARASHTRA,KOLHAPUR,Kolhapur,Municipal Corporation,251625
MAHARASHTRA,AHMEDNAGAR,Kopargaon,Municipality,251540
MAHARASHTRA,SATARA,KOREGAON,Town Panchayat,276381
MAHARASHTRA,CHANDRAPUR,KORPANA,Town Panchayat,276357
MAHARASHTRA,SINDHUDURG,Kudal,Town Panchayat,251612
MAHARASHTRA,NAGPUR,KUHI NAGAR PARISHAD,Town Panchayat,263364
MAHARASHTRA,NANDED,Kundalwadi,Municipality,251405
MAHARASHTRA,SOLAPUR,Kurduvadi,Municipality,251575
MAHARASHTRA,GADCHIROLI,KURKHEDA,Town Panchayat,276286
MAHARASHTRA,KOLHAPUR,Kurundvad,Municipality,251622
MAHARASHTRA,BHANDARA,LAKHANDUR,Town Panchayat,276324
MAHARASHTRA,BHANDARA,LAKHANI,Town Panchayat,276323
MAHARASHTRA,RATNAGIRI,Lanja,Town Panchayat,251607
MAHARASHTRA,LATUR,Latur,Municipal Corporation,251561
MAHARASHTRA,NANDED,Loha,Municipality,251407
MAHARASHTRA,OSMANABAD,LOHARA (BK),Town Panchayat,276313
MAHARASHTRA,SATARA,LONAND,Town Panchayat,276414
MAHARASHTRA,BULDHANA,Lonar,Municipality,251308
MAHARASHTRA,PUNE,Lonavala,Municipality,251526
MAHARASHTRA,SOLAPUR,MADHA,Town Panchayat,276302
MAHARASHTRA,SATARA,Mahabaleshwar,Municipality,251584
MAHARASHTRA,RAIGAD,Mahad,Municipality,251513
MAHARASHTRA,NAGPUR,Mahadula,Town Panchayat,251358
MAHARASHTRA,YAVATMAL,MAHAGAON,Town Panchayat,276309
MAHARASHTRA,SOLAPUR,MAHALUNG SHRIPUR,Municipality,298893
MAHARASHTRA,NANDED,Mahur,Town Panchayat,258024
MAHARASHTRA,SOLAPUR,Maindargi,Municipality,251582
MAHARASHTRA,BEED,Majalgaon,Municipality,251556
MAHARASHTRA,NASHIK,Malegaon,Municipal Corporation,251438
MAHARASHTRA,WASHIM,MALEGAON,Town Panchayat,276293
MAHARASHTRA,BULDHANA,Malkapur,Municipality,251301
MAHARASHTRA,SATARA,Malkapur,Town Panchayat,251314
MAHARASHTRA,KOLHAPUR,Malkapur-Kolhapur,Municipality,251614
MAHARASHTRA,SOLAPUR,MALSHIRAS,Town Panchayat,276303
MAHARASHTRA,SINDHUDURG,Malwan,Municipality,251610
MAHARASHTRA,RATNAGIRI,MANDANGAD,Town Panchayat,276295
MAHARASHTRA,SOLAPUR,Mangalvedhe,Municipality,251580
MAHARASHTRA,RAIGAD,MANGAON,Town Panchayat,276268
MAHARASHTRA,WASHIM,Mangrulpir,Municipality,251317
MAHARASHTRA,NASHIK,Manmad,Municipality,251440
MAHARASHTRA,WASHIM,MANORA,Town Panchayat,276294
MAHARASHTRA,JALNA,MANTHA,Town Panchayat,276371
MAHARASHTRA,PARBHANI,Manwath,Municipality,251417
MAHARASHTRA,YAVATMAL,MAREGAON,Town Panchayat,276310
MAHARASHTRA,RAIGAD,Matheran,Municipality,251497
MAHARASHTRA,SATARA,MEDHA,Town Panchayat,276415
MAHARASHTRA,BULDHANA,Mehkar,Municipality,251303
MAHARASHTRA,RAIGAD,Mhasla,Town Panchayat,251512
MAHARASHTRA,SATARA,Mhaswad,Municipality,251589
MAHARASHTRA,THANE,Mira-Bhayandar,Municipal Corporation,251470
MAHARASHTRA,BHANDARA,MOHADI,Town Panchayat,276325
MAHARASHTRA,SOLAPUR,MOHOL,Municipality,276301
MAHARASHTRA,NAGPUR,Mohpa,Municipality,251343
MAHARASHTRA,PALGHAR,MOKHADA,Town Panchayat,276317
MAHARASHTRA,AMRAVATI,Morshi,Municipality,251325
MAHARASHTRA,BULDHANA,MOTALA,Town Panchayat,276275
MAHARASHTRA,NAGPUR,MOUDA,Town Panchayat,259672
MAHARASHTRA,NAGPUR,Mowad,Municipality,251339
MAHARASHTRA,NANDED,Mudkhed,Municipality,251402
MAHARASHTRA,NANDED,Mukhed,Municipality,251409
MAHARASHTRA,JALGAON,MUKTAINAGAR,Town Panchayat,276421
MAHARASHTRA,CHANDRAPUR,Mul,Municipality,251382
MAHARASHTRA,GADCHIROLI,MULCHERA,Town Panchayat,276287
MAHARASHTRA,GADCHIROLI,MUNICIPAL COUNCIL ARMORI,Municipality,297866
MAHARASHTRA,GADCHIROLI,Municipal Council Desaiganj ( Wadsa),Municipality,248081
MAHARASHTRA,GADCHIROLI,Municipal Council Gadchiroli,Municipality,248080
MAHARASHTRA,THANE,Murbad,Town Panchayat,251487
MAHARASHTRA,KOLHAPUR,Murgud,Municipality,251629
MAHARASHTRA,AKOLA,Murtijapur,Municipality,251315
MAHARASHTRA,RAIGAD,Murud,Municipality,251504
MAHARASHTRA,OSMANABAD,Murum,Municipality,251572
MAHARASHTRA,CHANDRAPUR,NAGBHID MUNCIPAL COUNCIL,Municipality,276361
MAHARASHTRA,NAGPUR,Nagpur,Municipal Corporation,251362
MAHARASHTRA,NANDED,NAIGAON (KHAIRGAON),Town Panchayat,276623
MAHARASHTRA,OSMANABAD,Naldurg,Municipality,251571
MAHARASHTRA,NANDED,Nanded-Waghala,Municipal Corporation,251401
MAHARASHTRA,NASHIK,Nandgaon,Municipality,251439
MAHARASHTRA,AMRAVATI,NANDGAON KHANDESHWAR,Town Panchayat,276291
MAHARASHTRA,BULDHANA,Nandura,Municipality,251300
MAHARASHTRA,NANDURBAR,Nandurbar,Municipality,251278
MAHARASHTRA,NAGPUR,Narkhed,Municipality,251340
MAHARASHTRA,NASHIK,Nashik,Municipal Corporation,251442
MAHARASHTRA,THANE,Navi Mumbai,Municipal Corporation,251472
MAHARASHTRA,NANDURBAR,Nawapur,Municipality,251279
MAHARASHTRA,YAVATMAL,Ner Nababpur,Municipality,259704
MAHARASHTRA,AHMEDNAGAR,Nevasa,Town Panchayat,276320
MAHARASHTRA,LATUR,Nilanga,Municipality,251564
MAHARASHTRA,NASHIK,NIPHAD,Municipality,276279
MAHARASHTRA,OSMANABAD,Osmanabad,Municipality,251569
MAHARASHTRA,JALGAON,Pachora,Municipality,251297
MAHARASHTRA,AURANGABAD,Paithan,Municipality,251433
MAHARASHTRA,PARBHANI,PALAM,Town Panchayat,276297
MAHARASHTRA,PALGHAR,Palghar,Municipality,251460
MAHARASHTRA,SATARA,PALUS,Municipality,276350
MAHARASHTRA,SATARA,Panchgani,Municipality,251585
MAHARASHTRA,YAVATMAL,Pandharkawda,Municipality,251395
MAHARASHTRA,SOLAPUR,Pandharpur,Municipality,297006
MAHARASHTRA,KOLHAPUR,Panhala,Municipality,251615
MAHARASHTRA,RAIGAD,Panvel,Municipal Corporation,251492
MAHARASHTRA,OSMANABAD,Paranda,Municipality,251566
MAHARASHTRA,PARBHANI,Parbhani,Municipal Corporation,251416
MAHARASHTRA,BEED,Parli,Municipality,251559
MAHARASHTRA,AHMEDNAGAR,Parner,Town Panchayat,275730
MAHARASHTRA,JALGAON,Parola,Municipality,251295
MAHARASHTRA,NAGPUR,PARSHIVNI,Town Panchayat,276305
MAHARASHTRA,JALNA,Partur,Municipality,251425
MAHARASHTRA,SATARA,Patan,Town Panchayat,251596
MAHARASHTRA,AHMEDNAGAR,Pathardi,Municipality,251546
MAHARASHTRA,PARBHANI,Pathri,Municipality,251418
MAHARASHTRA,BEED,Patoda.,Town Panchayat,275732
MAHARASHTRA,AKOLA,Patur,Municipality,251316
MAHARASHTRA,BHANDARA,Pauni,Municipality,248077
MAHARASHTRA,RAIGAD,Pen,Municipality,251502
MAHARASHTRA,NASHIK,PETH,Town Panchayat,276280
MAHARASHTRA,NANDED,Peth Umri,Municipality,251403
MAHARASHTRA,SATARA,Phaltan,Municipality,251588
MAHARASHTRA,PUNE,Pimpri Chinchwad,Municipal Corporation,251528
MAHARASHTRA,RAIGAD,Poladpur,Town Panchayat,276636
MAHARASHTRA,CHANDRAPUR,POMBHURNA,Town Panchayat,276359
MAHARASHTRA,WARDHA,Pulgaon,Municipality,251336
MAHARASHTRA,PUNE,Pune,Municipal Corporation,251530
MAHARASHTRA,PUNE,Pune,Municipal Council,277298
MAHARASHTRA,PARBHANI,Purna,Municipality,251421
MAHARASHTRA,YAVATMAL,Pusad,Municipality,251391
MAHARASHTRA,SATARA,Rahimatpur,Municipality,251590
MAHARASHTRA,AHMEDNAGAR,Rahta Pimplas,Municipality,251543
MAHARASHTRA,AHMEDNAGAR,Rahuri,Municipality,251551
MAHARASHTRA,RATNAGIRI,Rajapur,Municipality,251608
MAHARASHTRA,PUNE,Rajgurunagar,Municipality,296912
MAHARASHTRA,CHANDRAPUR,Rajura,Municipality,251384
MAHARASHTRA,YAVATMAL,RALEGAON,Town Panchayat,276308
MAHARASHTRA,NAGPUR,Ramtek,Municipality,251353
MAHARASHTRA,RATNAGIRI,Ratnagiri,Municipality,251605
MAHARASHTRA,JALGAON,Raver,Municipality,251287
MAHARASHTRA,LATUR,RENAPUR,Town Panchayat,276376
MAHARASHTRA,WASHIM,Risod,Municipality,251320
MAHARASHTRA,RAIGAD,Roha Ashtami,Municipality,251506
MAHARASHTRA,GONDIA,SADAK-ARJUNI,Town Panchayat,276368
MAHARASHTRA,PARBHANI,Sailu,Municipality,251414
MAHARASHTRA,BHANDARA,SAKOLI,Municipality,276319
MAHARASHTRA,DHULE,SAKRI,Town Panchayat,276339
MAHARASHTRA,GONDIA,SALEKASA,Town Panchayat,276365
MAHARASHTRA,WARDHA,SAMUDRAPUR,Town Panchayat,276379
MAHARASHTRA,AHMEDNAGAR,Sangamner,Municipality,251539
MAHARASHTRA,SANGLI,Sangli-Miraj Kupwad,Municipal Corporation,251639
MAHARASHTRA,SOLAPUR,Sangole,Municipality,251579
MAHARASHTRA,BULDHANA,SANGRAMPUR,Town Panchayat,276274
MAHARASHTRA,CHANDRAPUR,SAOLI,Town Panchayat,276356
MAHARASHTRA,PUNE,Sasvad,Municipality,251532
MAHARASHTRA,NASHIK,Satana,Municipality,251435
MAHARASHTRA,SATARA,Satara,Municipality,251593
MAHARASHTRA,JALGAON,Savda,Municipality,251286
MAHARASHTRA,NAGPUR,Savner,Municipality,251344
MAHARASHTRA,SINDHUDURG,Sawantwadi,Municipality,251613
MAHARASHTRA,WARDHA,SELOO,Town Panchayat,276378
MAHARASHTRA,HINGOLI,Sengaon,Town Panchayat,296910
MAHARASHTRA,NANDURBAR,Shahade,Municipality,251277
MAHARASHTRA,THANE,SHAHAPUR,Town Panchayat,276333
MAHARASHTRA,BULDHANA,Shegaon,Municipality,251299
MAHARASHTRA,AMRAVATI,Shendurjana,Municipality,251327
MAHARASHTRA,JALGAON,Shendurni,Town Panchayat,277413
MAHARASHTRA,AHMEDNAGAR,SHEVGAON,Municipality,276331
MAHARASHTRA,SANGLI,SHIRALA,Town Panchayat,276349
MAHARASHTRA,AHMEDNAGAR,Shirdi,Town Panchayat,251542
MAHARASHTRA,KOLHAPUR,Shirol,Municipality,276635
MAHARASHTRA,DHULE,Shirpur-Warwade,Municipality,251280
MAHARASHTRA,PUNE,Shirur,Municipality,251518
MAHARASHTRA,LATUR,SHIRUR-ANANTPAL,Town Panchayat,276374
MAHARASHTRA,BEED,SHIRUR KASAR,Town Panchayat,275726
MAHARASHTRA,AHMEDNAGAR,Shrigonda,Municipality,251553
MAHARASHTRA,AHMEDNAGAR,Shrirampur,Municipality,251544
MAHARASHTRA,RAIGAD,Shrivardhan,Municipality,251511
MAHARASHTRA,AURANGABAD,Sillod Municipal Council,Municipality,297092
MAHARASHTRA,CHANDRAPUR,SINDEWAHI,Town Panchayat,276362
MAHARASHTRA,DHULE,Sindhakeda,Town Panchayat,259701
MAHARASHTRA,WARDHA,Sindi,Municipality,251333
MAHARASHTRA,BULDHANA,Sindkhed Raja,Municipality,251307
MAHARASHTRA,NASHIK,Sinnar,Municipality,251447
MAHARASHTRA,GADCHIROLI,SIRONCHA,Town Panchayat,276288
MAHARASHTRA,SOLAPUR,Solapur,Municipal Corporation,251577
MAHARASHTRA,PARBHANI,Sonpeth,Municipality,251419
MAHARASHTRA,AURANGABAD,Soyagaon,Town Panchayat,251436
MAHARASHTRA,NASHIK,Surgana,Town Panchayat,251434
MAHARASHTRA,RAIGAD,TALA,Town Panchayat,276270
MAHARASHTRA,PALGHAR,TALASARI,Town Panchayat,276315
MAHARASHTRA,PUNE,Talegaon Dabhade,Municipality,251522
MAHARASHTRA,NANDURBAR,Talode,Municipality,251275
MAHARASHTRA,SANGLI,Tasgaon,Municipality,251636
MAHARASHTRA,AKOLA,Telhara,Municipality,251309
MAHARASHTRA,THANE,Thane,Municipal Corporation,251471
MAHARASHTRA,GONDIA,Tirora,Municipality,251370
MAHARASHTRA,AMRAVATI,TIWSA,Town Panchayat,276289
MAHARASHTRA,NASHIK,Trimbak,Municipality,251441
MAHARASHTRA,OSMANABAD,Tuljapur,Municipality,251570
MAHARASHTRA,BHANDARA,Tumsar,Municipality,248079
MAHARASHTRA,LATUR,Udgir,Municipality,251565
MAHARASHTRA,THANE,Ulhasnagar,Municipal Corporation,251484
MAHARASHTRA,OSMANABAD,Umarga,Municipality,251573
MAHARASHTRA,YAVATMAL,Umarkhed,Municipality,251393
MAHARASHTRA,NAGPUR,Umred,Municipality,251366
MAHARASHTRA,RAIGAD,Uran,Municipality,251491
MAHARASHTRA,SANGLI,Uran Islampur,Municipality,251633
MAHARASHTRA,SINDHUDURG,Vabhave Vaibhavwadi Nagar Panchayat,Town Panchayat,263834
MAHARASHTRA,KOLHAPUR,Vadgaon Kasba,Municipality,251616
MAHARASHTRA,PUNE,Vadgaon Mawal,Town Panchayat,276637
MAHARASHTRA,SATARA,VADUJ,Town Panchayat,276416
MAHARASHTRA,AURANGABAD,Vaijapur,Municipality,251431
MAHARASHTRA,JALGAON,VARANGAON,Municipality,276273
MAHARASHTRA,PALGHAR,Vasai-Virar,Municipal Corporation,251463
MAHARASHTRA,SINDHUDURG,Vengurla,Municipality,251611
MAHARASHTRA,PALGHAR,Vikramgad,Town Panchayat,276316
MAHARASHTRA,SANGLI,Vita,Municipality,251635
MAHARASHTRA,PALGHAR,Wada,Town Panchayat,276318
MAHARASHTRA,PUNE,Wadgaon,Municipality,277475
MAHARASHTRA,NAGPUR,Wadi,Municipality,251359
MAHARASHTRA,BEED,Wadvani,Town Panchayat,275731
MAHARASHTRA,SATARA,Wai,Municipality,251586
MAHARASHTRA,NAGPUR,Wanadongri,Municipality,251363
MAHARASHTRA,YAVATMAL,Wani,Municipality,251397
MAHARASHTRA,WARDHA,Wardha,Municipality,251334
MAHARASHTRA,CHANDRAPUR,Warora,Municipality,251376
MAHARASHTRA,AMRAVATI,Warud,Municipality,251326
MAHARASHTRA,OSMANABAD,WASHI,Town Panchayat,276312
MAHARASHTRA,WASHIM,Washim,Municipality,251319
MAHARASHTRA,YAVATMAL,Yavatmal,Municipality,251386
MAHARASHTRA,JALGAON,Yawal,Municipality,251284
MAHARASHTRA,NASHIK,Yevla,Municipality,251450
MAHARASHTRA,YAVATMAL,Zari Zamani,Town Panchayat,272845
MANIPUR,IMPHAL EAST,Andro,Municipality,276527
MANIPUR,BISHNUPUR,Bishnupur,Municipality,276501
MANIPUR,THOUBAL,Heirok,Municipality,276546
MANIPUR,IMPHAL EAST,Imphal,Municipal Corporation,276547
MANIPUR,JIRIBAM,Jiribam,Municipality,276503
MANIPUR,KAKCHING,Kakching,Municipality,276500
MANIPUR,KAKCHING,Kakching Khunou,Municipality,276536
MANIPUR,BISHNUPUR,Kumbi,Municipality,276505
MANIPUR,BISHNUPUR,Kwakta,Municipality,276525
MANIPUR,IMPHAL EAST,Lamlai,Municipality,276508
MANIPUR,IMPHAL WEST,Lamsang,Municipality,276545
MANIPUR,IMPHAL WEST,Lilong (Imphal West),Municipality,276548
MANIPUR,IMPHAL EAST,Lilong (Thoubal),Municipality,276502
MANIPUR,IMPHAL WEST,Mayang Imphal,Municipality,276552
MANIPUR,BISHNUPUR,Moirang,Municipality,276514
MANIPUR,BISHNUPUR,Nambol,Municipality,276515
MANIPUR,BISHNUPUR,Ningthoukhong,Municipality,276530
MANIPUR,BISHNUPUR,OInam,Municipality,276506
MANIPUR,THOUBAL,Samourou,Municipality,276551
MANIPUR,IMPHAL WEST,Sekmai,Municipality,276553
MANIPUR,THOUBAL,Shikhong Sekmai,Municipality,276509
MANIPUR,KAKCHING,Sugunu,Municipality,276510
MANIPUR,IMPHAL WEST,Thongkhong Laxmi,Municipality,276550
MANIPUR,THOUBAL,Thoubal,Municipality,276498
MANIPUR,THOUBAL,Wangjing Lamding,Municipality,276511
MANIPUR,IMPHAL WEST,Wangoi,Municipality,276549
MANIPUR,THOUBAL,Yairipok,Municipality,276513
MEGHALAYA,SOUTH GARO HILLS,Baghmara,Municipality,249809
MEGHALAYA,WEST JAINTIA HILLS,Jowai,Municipality,249820
MEGHALAYA,EAST JAINTIA HILLS,Khliehriat,Town Panchayat,279714
MEGHALAYA,WEST KHASI HILLS,Mairang,Town Panchayat,249811
MEGHALAYA,SOUTH WEST KHASI HILLS,Mawkyrwat,Town Panchayat,282009
MEGHALAYA,RI BHOI,Nongpoh,Town Panchayat,249812
MEGHALAYA,WEST KHASI HILLS,Nongstoin,Town Panchayat,249810
MEGHALAYA,NORTH GARO HILLS,Resubelpara,Municipality,249807
MEGHALAYA,EAST KHASI HILLS,Shillong,Municipality,249814
MEGHALAYA,EAST KHASI HILLS,Shillong,Municipal Council,277282
MEGHALAYA,WEST GARO HILLS,Tura Municipal Board,Municipality,249806
MEGHALAYA,EAST GARO HILLS,Williamnagar,Municipality,249808
MIZORAM,AIZAWL,Aizawl,Notified Area Council,249770
MIZORAM,AIZAWL,Aizawl Municipal Co-operation,Municipal Corporation,277318
MIZORAM,KOLASIB,Bairabi,Notified Area Council,249765
MIZORAM,SERCHHIP,Biate,Notified Area Council,249775
MIZORAM,CHAMPHAI,Champhai,Notified Area Council,249773
MIZORAM,AIZAWL,Darlawn,Notified Area Council,249768
MIZORAM,LUNGLEI,Hnahthial,Notified Area Council,249781
MIZORAM,CHAMPHAI,Khawhai,Notified Area Council,249774
MIZORAM,CHAMPHAI,Khawzawl,Notified Area Council,249772
MIZORAM,KOLASIB,Kolasib,Notified Area Council,249766
MIZORAM,MAMIT,Lengpui,Notified Area Council,249763
MIZORAM,LUNGLEI,Lunglei,Notified Area Council,249780
MIZORAM,MAMIT,Mamit,Notified Area Council,249762
MIZORAM,KOLASIB,N.Kawnpui,Notified Area Council,249767
MIZORAM,SERCHHIP,N.Vanlaiphai,Notified Area Council,249778
MIZORAM,SAIHA,Saiha,Notified Area Council,249782
MIZORAM,AIZAWL,Sairang,Notified Area Council,249769
MIZORAM,AIZAWL,Saitual,Notified Area Council,249771
MIZORAM,SERCHHIP,Serchhip,Notified Area Council,249776
MIZORAM,SERCHHIP,Thenzawl,Notified Area Council,249777
MIZORAM,LUNGLEI,Tlabung,Notified Area Council,249779
MIZORAM,KOLASIB,Vairengte,Notified Area Council,249764
MIZORAM,MAMIT,Zawlnuam,Notified Area Council,249761
NAGALAND,MON,ABOI TOWN COUNCIL,Town Panchayat,276216
NAGALAND,ZUNHEBOTO,AGHUNATO TOWN COUNCIL,Town Panchayat,299085
NAGALAND,ZUNHEBOTO,ATOIZU TOWN COUNCIL,Town Panchayat,299086
NAGALAND,WOKHA,Bhandari Town Council,Town Panchayat,276219
NAGALAND,MOKOKCHUNG,Changtongya Town,Town Panchayat,253207
NAGALAND,KOHIMA,CHIEPHOBOZOU TOWN COUNCIL,Town Panchayat,299088
NAGALAND,PHEK,Chozuba Town Council,Town Panchayat,276220
NAGALAND,DIMAPUR,Chumukedima Town Council,Town Panchayat,249721
NAGALAND,DIMAPUR,Dimapur Municipal Council,Municipality,249720
NAGALAND,DIMAPUR,East Dimapur Town Council,Town Panchayat,276217
NAGALAND,PEREN,Jalukie Town Council,Town Panchayat,253205
NAGALAND,KIPHIRE,Kiphire Town Council,Town Panchayat,253202
NAGALAND,KOHIMA,Kohima,Municipality,249722
NAGALAND,TUENSANG,Longkhim Town Council,Town Panchayat,276218
NAGALAND,LONGLENG,Longleng Town Council,Town Panchayat,253201
NAGALAND,MOKOKCHUNG,Mangkolemba Town Council,Town Panchayat,276221
NAGALAND,DIMAPUR,Medziphema Town Council,Town Panchayat,253213
NAGALAND,PHEK,Meluri Town Council,Town Panchayat,276222
NAGALAND,MOKOKCHUNG,Mokokchung,Municipality,249717
NAGALAND,MON,Mon Town Council,Town Panchayat,249715
NAGALAND,MON,Naginimora Town Council,Town Panchayat,253203
NAGALAND,DIMAPUR,NIULAND TOWN COUNCIL,Town Panchayat,299083
NAGALAND,TUENSANG,Noklak Town Council,Town Panchayat,276223
NAGALAND,PEREN,Peren Town Council,Town Panchayat,253204
NAGALAND,PHEK,Pfutsero Town,Town Panchayat,253210
NAGALAND,PHEK,Phek,Town Panchayat,249723
NAGALAND,KIPHIRE,Pungro Town Council,Town Panchayat,276224
NAGALAND,ZUNHEBOTO,SATAKHA TOWN COUNCIL,Town Panchayat,299087
NAGALAND,KIPHIRE,Seyochung Town Council,Town Panchayat,299082
NAGALAND,TUENSANG,Shamator Town Council,Town Panchayat,276225
NAGALAND,LONGLENG,TAMLU TOWN COUNCIL,Town Panchayat,299084
NAGALAND,PEREN,Tening Town Council,Town Panchayat,276226
NAGALAND,MON,Tizit Town Council,Town Panchayat,276227
NAGALAND,MON,Tobu Town Council,Town Panchayat,276228
NAGALAND,KOHIMA,Tseminyu Town,Town Panchayat,253209
NAGALAND,TUENSANG,Tuensang Town Council,Town Panchayat,249716
NAGALAND,MOKOKCHUNG,Tuli Town,Town Panchayat,253206
NAGALAND,WOKHA,Wokha Town Council,Town Panchayat,249719
NAGALAND,ZUNHEBOTO,Zunheboto,Town Panchayat,249718
ODISHA,KENDUJHAR,Anandapur,Municipality,250476
ODISHA,ANUGUL,Anugul,Municipality,248140
ODISHA,GANJAM,Asika,Notified Area Council,250529
ODISHA,CUTTACK,Athagad,Notified Area Council,250498
ODISHA,ANUGUL,Athamallik,Notified Area Council,248142
ODISHA,BARGARH,Attabira,Notified Area Council,259705
ODISHA,BALANGIR,Balangir,Municipality,250555
ODISHA,BALESHWAR,Baleshwar,Municipality,250486
ODISHA,KANDHAMAL,BALIGUDA,Notified Area Council,263005
ODISHA,MALKANGIRI,Balimela,Notified Area Council,250576
ODISHA,KHORDHA,Balugaon,Notified Area Council,250517
ODISHA,KHORDHA,Banapur,Notified Area Council,250519
ODISHA,CUTTACK,Banki,Notified Area Council,250500
ODISHA,BARGARH,Barapali,Notified Area Council,250447
ODISHA,KENDUJHAR,Barbil,Municipality,250469
ODISHA,BARGARH,Bargarh,Municipality,250448
ODISHA,MAYURBHANJ,Baripada,Municipality,250481
ODISHA,BHADRAK,Basudebpur,Municipality,250489
ODISHA,GANJAM,Bellaguntha,Notified Area Council,250527
ODISHA,JHARSUGUDA,Belpahar,Municipality,250450
ODISHA,GANJAM,Berhampur,Municipal Corporation,250543
ODISHA,BHADRAK,Bhadrak,Municipality,250487
ODISHA,GANJAM,Bhanjanagar,Notified Area Council,250526
ODISHA,KALAHANDI,Bhawanipatna,Municipality,250558
ODISHA,DHENKANAL,Bhuban,Notified Area Council,248059
ODISHA,KHORDHA,Bhubaneswar,Municipal Corporation,250520
ODISHA,BARGARH,BIJEPUR,Notified Area Council,276628
ODISHA,SONEPUR,Binika,Notified Area Council,250551
ODISHA,SUNDARGARH,Biramitrapur,Municipality,250462
ODISHA,BOUDH,Boudhgarh,Notified Area Council,250548
ODISHA,JHARSUGUDA,Brajarajnagar,Municipality,250451
ODISHA,GANJAM,Buguda,Notified Area Council,250525
ODISHA,KENDUJHAR,CHAMPUA,Notified Area Council,263000
ODISHA,BHADRAK,Chandabali,Notified Area Council,276631
ODISHA,GANJAM,Chhatrapur,Notified Area Council,250537
ODISHA,GANJAM,Chikiti,Notified Area Council,250540
ODISHA,CUTTACK,Choudwar,Municipality,250494
ODISHA,CUTTACK,Cuttack,Municipal Corporation,250501
ODISHA,NAYAGARH,DASAPALLA,Notified Area Council,262987
ODISHA,DEOGARH,Debagarh,Municipality,250457
ODISHA,BHADRAK,Dhamanagar,Notified Area Council,276632
ODISHA,KALAHANDI,DHARMAGARH,Notified Area Council,263009
ODISHA,DHENKANAL,Dhenkanal,Municipality,248060
ODISHA,GANJAM,Digapahandi,Notified Area Council,250541
ODISHA,GANJAM,Ganjam,Notified Area Council,250538
ODISHA,GANJAM,Gopalpur,Notified Area Council,250539
ODISHA,RAYAGADA,Gudari,Notified Area Council,250563
ODISHA,KANDHAMAL,G. Udayagiri,Notified Area Council,250547
ODISHA,RAYAGADA,Gunupur,Municipality,250564
ODISHA,DHENKANAL,Hindol,Notified Area Council,259680
ODISHA,GANJAM,Hinjilicut,Municipality,250542
ODISHA,JAGATSINGHAPUR,JAGATSINGHPUR,Municipality,263336
ODISHA,JAJAPUR,Jajapur,Municipality,250503
ODISHA,BALESHWAR,Jaleswar,Municipality,250482
ODISHA,KHORDHA,Jatani,Municipality,250516
ODISHA,KORAPUT,Jeypur,Municipality,250574
ODISHA,JHARSUGUDA,Jharsuguda,Municipality,250452
ODISHA,KENDUJHAR,Joda,Municipality,250471
ODISHA,KALAHANDI,Junagarh,Notified Area Council,250560
ODISHA,DHENKANAL,Kamakhyanagar,Notified Area Council,248058
ODISHA,BALANGIR,Kantabanji,Notified Area Council,250552
ODISHA,MAYURBHANJ,Karanjia,Notified Area Council,250480
ODISHA,GAJAPATI,Kasinagar,Notified Area Council,250545
ODISHA,GANJAM,Kavisurjyanagar,Notified Area Council,250532
ODISHA,KENDRAPARA,Kendrapara,Municipality,250491
ODISHA,KENDUJHAR,Kendujhar,Municipality,250474
ODISHA,KALAHANDI,Kesinga,Notified Area Council,250559
ODISHA,GANJAM,Khalikote,Notified Area Council,250535
ODISHA,NAYAGARH,Khandapada,Notified Area Council,250510
ODISHA,NUAPADA,Khariar,Notified Area Council,250557
ODISHA,NUAPADA,Khariar Road,Notified Area Council,250556
ODISHA,KHORDHA,Khordha,Municipality,250514
ODISHA,SAMBALPUR,Kochinda,Notified Area Council,250453
ODISHA,GANJAM,Kodala,Notified Area Council,250534
ODISHA,PURI,Konark,Notified Area Council,250523
ODISHA,KORAPUT,Koraput,Municipality,250571
ODISHA,KORAPUT,Kotpad,Notified Area Council,250570
ODISHA,MALKANGIRI,Malkangiri,Municipality,263345
ODISHA,NABARANGPUR,Nabarangapur,Municipality,250569
ODISHA,NAYAGARH,Nayagarh,Notified Area Council,250512
ODISHA,BALESHWAR,Nilagiri,Notified Area Council,250484
ODISHA,PURI,Nimapada,Notified Area Council,250522
ODISHA,NUAPADA,NUAPADA,Notified Area Council,259201
ODISHA,NAYAGARH,ODOGAON,Notified Area Council,276434
ODISHA,BARGARH,Padmapur,Notified Area Council,250446
ODISHA,JAGATSINGHAPUR,PARADEEP,Municipality,263324
ODISHA,GAJAPATI,Paralakhemundi,Municipality,250544
ODISHA,BALANGIR,Patnagarh,Notified Area Council,250554
ODISHA,KENDRAPARA,Pattamundai,Municipality,250490
ODISHA,KANDHAMAL,Phulabani,Municipality,250546
ODISHA,PURI,Pipili,Notified Area Council,250521
ODISHA,GANJAM,Polasara,Notified Area Council,250533
ODISHA,PURI,Puri,Municipality,250524
ODISHA,GANJAM,Purusottampur,Notified Area Council,250531
ODISHA,MAYURBHANJ,Rairangpur,Municipality,250478
ODISHA,SUNDARGARH,Rajagangapur,Municipality,250459
ODISHA,GANJAM,Rambha,Notified Area Council,250536
ODISHA,NAYAGARH,RANAPUR,Notified Area Council,262994
ODISHA,SUNDARGARH,Raurkela,Municipal Corporation,250467
ODISHA,RAYAGADA,Rayagada,Municipality,250565
ODISHA,SAMBALPUR,Redhakhol,Notified Area Council,250454
ODISHA,SAMBALPUR,Sambalpur,Municipal Corporation,253100
ODISHA,SONEPUR,Sonapur,Municipality,250550
ODISHA,BALESHWAR,Soro,Municipality,250485
ODISHA,KORAPUT,Sunabeda,Municipality,250573
ODISHA,SUNDARGARH,Sundargarh,Municipality,250458
ODISHA,GANJAM,Surada,Notified Area Council,250528
ODISHA,ANUGUL,Talcher,Municipality,248141
ODISHA,SONEPUR,Tarbha,Notified Area Council,250549
ODISHA,BALANGIR,Titlagarh,Municipality,250553
ODISHA,BALANGIR,TUSURA,Notified Area Council,263006
ODISHA,MAYURBHANJ,Udala,Notified Area Council,250479
ODISHA,NABARANGPUR,Umarkote,Municipality,250567
ODISHA,JAJAPUR,Vyasanagar,Municipality,250502
PUDUCHERRY,KARAIKAL,Karaikal,Municipality,253096
PUDUCHERRY,MAHE,Mahe,Municipality,253095
PUDUCHERRY,PONDICHERRY,Ozhukarai,Municipality,253093
PUDUCHERRY,PONDICHERRY,Pondicherry,Municipality,253094
PUDUCHERRY,YANAM,Yanam,Municipality,253092
PUNJAB,FAZILKA,Abohar,Municipal Corporation,248355
PUNJAB,JALANDHAR,Adampur,Municipality,248294
PUNJAB,PATIALA,Adda Devigarh,Town Panchayat,299458
PUNJAB,MALERKOTLA,Ahmedgarh,Municipality,248382
PUNJAB,AMRITSAR,Ajnala,Municipality,248269
PUNJAB,JALANDHAR,Alawalpur,Municipality,248295
PUNJAB,MALERKOTLA,Amargarh,Town Panchayat,273471
PUNJAB,FATEHGARH SAHIB,Amloh,Municipality,248330
PUNJAB,AMRITSAR,Amritsar,Municipal Corporation,248273
PUNJAB,AMRITSAR,Amritsar,Municipal Council,277304
PUNJAB,RUPNAGAR,Anandpur Sahib,Municipality,248317
PUNJAB,FAZILKA,Arniwala Shekh Suban,Town Panchayat,277198
PUNJAB,AMRITSAR,Baba Bakala,Town Panchayat,299457
PUNJAB,MOGA,Badhni Kalan,Town Panchayat,248344
PUNJAB,Shahid Bhagat Singh Nagar,Balachaur,Municipality,248315
PUNJAB,Shahid Bhagat Singh Nagar,Banga,Municipality,248312
PUNJAB,S.A.S Nagar,Banur,Municipality,248404
PUNJAB,MANSA,Bareta,Municipality,248374
PUNJAB,SRI MUKTSAR SAHIB,Bariwala,Town Panchayat,248358
PUNJAB,BARNALA,Barnala,Municipality,248378
PUNJAB,FATEHGARH SAHIB,Bassi Pathana,Municipality,248327
PUNJAB,GURDASPUR,Batala,Municipal Corporation,248264
PUNJAB,BATHINDA,Bathinda,Municipal Corporation,248367
PUNJAB,KAPURTHALA,Begowal,Town Panchayat,248280
PUNJAB,BARNALA,Bhadaur,Municipality,248377
PUNJAB,PATIALA,BHADSON,Town Panchayat,261762
PUNJAB,MOGA,Bhagha Purana,Municipality,248345
PUNJAB,BATHINDA,BHAGTA BHAI KA NAGAR PANCHAYAT,Town Panchayat,276562
PUNJAB,BATHINDA,BHAI RUPA,Town Panchayat,260770
PUNJAB,SANGRUR,Bhawanigarh,Municipality,248387
PUNJAB,MANSA,Bhikhi,Town Panchayat,248375
PUNJAB,Tarn Taran,Bhikhiwind,Town Panchayat,248275
PUNJAB,JALANDHAR,Bhogpur,Municipality,248298
PUNJAB,BATHINDA,Bhucho Mandi,Municipality,248366
PUNJAB,KAPURTHALA,Bhulath,Town Panchayat,248281
PUNJAB,JALANDHAR,Bilga,Town Panchayat,277200
PUNJAB,MANSA,Boha,Town Panchayat,277199
PUNJAB,MANSA,Budhlada,Municipality,248373
PUNJAB,RUPNAGAR,Chamkaur Sahib,Town Panchayat,261450
PUNJAB,SANGRUR,Cheema,Town Panchayat,248388
PUNJAB,HOSHIARPUR,Dasua,Municipality,248300
PUNJAB,GURDASPUR,Dera Baba Nanak,Municipality,248267
PUNJAB,S.A.S Nagar,Dera Bassi,Municipality,248405
PUNJAB,BARNALA,Dhanaula,Municipality,248381
PUNJAB,MOGA,Dharamkot,Municipality,248346
PUNJAB,GURDASPUR,Dhariwal,Municipality,248262
PUNJAB,KAPURTHALA,Dhilwan,Town Panchayat,248282
PUNJAB,SANGRUR,Dhuri,Municipality,248384
PUNJAB,GURDASPUR,Dinanagar,Municipality,248259
PUNJAB,SANGRUR,Dirba,Town Panchayat,248389
PUNJAB,LUDHIANA,Doraha,Municipality,248337
PUNJAB,FARIDKOT,Faridkot,Municipality,248360
PUNJAB,GURDASPUR,Fatehgarh Churian,Municipality,248263
PUNJAB,MOGA,FATEHGARH PANJTOOR,Town Panchayat,276647
PUNJAB,FAZILKA,Fazilka,Municipality,248354
PUNJAB,FEROZEPUR,Ferozepur,Municipal Council,277308
PUNJAB,FEROZEPUR,Firozpur,Municipality,248351
PUNJAB,HOSHIARPUR,Gardhiwala,Municipality,248301
PUNJAB,HOSHIARPUR,Garhshankar,Municipality,248311
PUNJAB,PATIALA,Ghagga,Town Panchayat,248394
PUNJAB,PATIALA,Ghanaur,Town Panchayat,248402
PUNJAB,S.A.S Nagar,Gharuan,Town Panchayat,299456
PUNJAB,SRI MUKTSAR SAHIB,Giddarbaha,Municipality,248357
PUNJAB,FATEHGARH SAHIB,Gobindgarh,Municipality,248329
PUNJAB,BATHINDA,Goniana,Municipality,248364
PUNJAB,JALANDHAR,Goraya,Municipality,248292
PUNJAB,GURDASPUR,Gurdaspur,Municipality,248260
PUNJAB,FEROZEPUR,Guru Har Sahai,Municipality,248352
PUNJAB,BARNALA,Handiaya,Town Panchayat,248379
PUNJAB,HOSHIARPUR,Hariana,Municipality,248306
PUNJAB,HOSHIARPUR,Hoshiarpur,Municipal Corporation,248308
PUNJAB,LUDHIANA,Jagraon,Municipality,248343
PUNJAB,FARIDKOT,Jaitu,Municipality,248362
PUNJAB,FAZILKA,Jalalabad,Municipality,248353
PUNJAB,JALANDHAR,Jalandhar,Municipal Corporation,248296
PUNJAB,JALANDHAR,Jalandhar,Municipal Council,277310
PUNJAB,AMRITSAR,Jandiala Guru,Municipality,248272
PUNJAB,MANSA,JOGA,Town Panchayat,262906
PUNJAB,KAPURTHALA,Kapurthala,Municipal Corporation,248283
PUNJAB,JALANDHAR,Kartarpur,Municipality,248299
PUNJAB,FATEHGARH SAHIB,Khamanon,Town Panchayat,248331
PUNJAB,SANGRUR,Khanauri,Town Panchayat,248393
PUNJAB,LUDHIANA,Khanna,Municipality,248334
PUNJAB,S.A.S Nagar,Kharar,Municipality,248324
PUNJAB,Tarn Taran,Khemkaran,Town Panchayat,248276
PUNJAB,RUPNAGAR,Kiratpur Sahib,Town Panchayat,261446
PUNJAB,BATHINDA,Kot Fatta,Municipality,248369
PUNJAB,BATHINDA,KOTHA GURU,Town Panchayat,260780
PUNJAB,MOGA,KOT ISE KHAN,Town Panchayat,262989
PUNJAB,FARIDKOT,Kot Kapura,Municipality,248361
PUNJAB,BATHINDA,KOT SHAMIR,Town Panchayat,260782
PUNJAB,S.A.S Nagar,Kurali,Municipality,248321
PUNJAB,S.A.S Nagar,LALRU,Municipality,277203
PUNJAB,SANGRUR,Lehragaga,Municipality,248391
PUNJAB,BATHINDA,LEHRA MOHABAT,Town Panchayat,260778
PUNJAB,JALANDHAR,Lohian Khas,Town Panchayat,248287
PUNJAB,SANGRUR,Longowal,Municipality,248385
PUNJAB,LUDHIANA,Ludhiana,Municipal Corporation,248338
PUNJAB,LUDHIANA,Machhiwara,Municipality,248333
PUNJAB,HOSHIARPUR,Mahilpur,Town Panchayat,248310
PUNJAB,AMRITSAR,Majitha,Town Panchayat,248271
PUNJAB,FEROZEPUR,Makhu,Town Panchayat,248348
PUNJAB,MALERKOTLA,Malerkotla,Municipality,248383
PUNJAB,FEROZEPUR,Mallanwala,Town Panchayat,253222
PUNJAB,LUDHIANA,Maloud,Town Panchayat,248335
PUNJAB,SRI MUKTSAR SAHIB,Malout,Municipality,248356
PUNJAB,BATHINDA,MALUKA,Town Panchayat,260781
PUNJAB,FEROZEPUR,Mamdot,Town Panchayat,277197
PUNJAB,MANSA,Mansa,Municipality,248376
PUNJAB,BATHINDA,Maur,Municipality,248371
PUNJAB,JALANDHAR,Mehatpur,Town Panchayat,277201
PUNJAB,BATHINDA,MEHRAJ,Town Panchayat,260771
PUNJAB,MOGA,Moga,Municipal Corporation,248347
PUNJAB,SANGRUR,Moonak,Town Panchayat,248392
PUNJAB,RUPNAGAR,Morinda,Municipality,248320
PUNJAB,FEROZEPUR,Mudki,Town Panchayat,253122
PUNJAB,HOSHIARPUR,Mukerian,Municipality,248303
PUNJAB,SRI MUKTSAR SAHIB,Muktsar,Municipality,248359
PUNJAB,LUDHIANA,Mullanpur Dakha,Municipality,248340
PUNJAB,PATIALA,Nabha,Municipality,248397
PUNJAB,KAPURTHALA,Nadala,Town Panchayat,274218
PUNJAB,JALANDHAR,Nakodar,Municipality,248289
PUNJAB,RUPNAGAR,Nangal,Municipality,277196
PUNJAB,BATHINDA,NATHANA,Town Panchayat,260779
PUNJAB,Shahid Bhagat Singh Nagar,Nawanshahr,Municipality,248313
PUNJAB,S.A.S Nagar,Nayan Gaon,Municipality,277194
PUNJAB,MOGA,NIHAL SINGH WALA,Town Panchayat,262988
PUNJAB,PATHANKOT,Norat Jamal Singh,Town Panchayat,277202
PUNJAB,JALANDHAR,Nurmahal,Municipality,248291
PUNJAB,PATHANKOT,Pathankot,Municipal Corporation,248256
PUNJAB,PATIALA,Patiala,Municipal Corporation,248399
PUNJAB,PATIALA,Patran,Municipality,248395
PUNJAB,Tarn Taran,Patti,Municipality,248277
PUNJAB,LUDHIANA,Payal,Municipality,248336
PUNJAB,KAPURTHALA,Phagwara,Municipal Corporation,248286
PUNJAB,JALANDHAR,Phillaur,Municipality,248293
PUNJAB,GURDASPUR,Qadian,Municipality,248266
PUNJAB,Shahid Bhagat Singh Nagar,Rahon,Municipality,248314
PUNJAB,LUDHIANA,Raikot,Municipality,248342
PUNJAB,AMRITSAR,Raja Sansi,Town Panchayat,248270
PUNJAB,PATIALA,Rajpura,Municipality,248403
PUNJAB,BATHINDA,Raman,Municipality,248370
PUNJAB,AMRITSAR,Ramdas,Town Panchayat,248268
PUNJAB,BATHINDA,Rampura Phul,Municipality,248363
PUNJAB,AMRITSAR,Rayya,Municipality,248278
PUNJAB,RUPNAGAR,Rupnagar,Municipality,248319
PUNJAB,LUDHIANA,Sahnewal,Municipality,248339
PUNJAB,PATIALA,Samana,Municipality,248396
PUNJAB,LUDHIANA,Samrala,Municipality,248332
PUNJAB,PATIALA,Sanaur,Municipality,248398
PUNJAB,BATHINDA,Sangat,Municipality,248368
PUNJAB,SANGRUR,Sangrur,Municipality,248386
PUNJAB,MANSA,Sardulgarh,Town Panchayat,248372
PUNJAB,S.A.S Nagar,S.A.S.Nagar - Mohali,Municipal Corporation,248325
PUNJAB,JALANDHAR,Shahkot,Town Panchayat,248288
PUNJAB,HOSHIARPUR,Sham ChaurasI,Municipality,248309
PUNJAB,FATEHGARH SAHIB,Sirhind Fatehgarh Sahib,Municipality,248328
PUNJAB,GURDASPUR,Sri Hargobindpur,Municipality,248265
PUNJAB,PATHANKOT,Sujanpur,Municipality,248254
PUNJAB,KAPURTHALA,Sultanpur Lodhi,Municipality,248285
PUNJAB,SANGRUR,Sunam,Municipality,248390
PUNJAB,FEROZEPUR,Talwandi Bhai,Municipality,248350
PUNJAB,BATHINDA,Talwandi Sabo,Town Panchayat,253124
PUNJAB,HOSHIARPUR,Talwara,Town Panchayat,248305
PUNJAB,BARNALA,Tapa,Municipality,248380
PUNJAB,Tarn Taran,Tarn-Taran,Municipality,248274
PUNJAB,HOSHIARPUR,Urmar Tanda,Municipality,248302
PUNJAB,FEROZEPUR,Zira,Municipality,248349
PUNJAB,S.A.S Nagar,Zirakpur,Municipality,248407
RAJASTHAN,SIROHI,Abu Road,Town Panchayat,248774
RAJASTHAN,AJMER,Ajmer,Municipal Corporation,248788
RAJASTHAN,JHALAWAR,Aklera,Town Panchayat,248865
RAJASTHAN,ALWAR,Alwar,Municipality,248699
RAJASTHAN,RAJSAMAND,Amet,Town Panchayat,248817
RAJASTHAN,BARAN,Anta,Town Panchayat,248857
RAJASTHAN,GANGANAGAR,Anupgarh,Town Panchayat,248656
RAJASTHAN,BHILWARA,Asind,Town Panchayat,248808
RAJASTHAN,BARAN,ATRU,Town Panchayat,296934
RAJASTHAN,JHUNJHUNU,Baggar,Town Panchayat,248684
RAJASTHAN,JAIPUR,Bagru,Town Panchayat,248735
RAJASTHAN,PALI,Bali,Town Panchayat,248785
RAJASTHAN,BARMER,Balotra,Municipality,248765
RAJASTHAN,SAWAI MADHOPUR,BAMANWAS,Town Panchayat,296936
RAJASTHAN,DAUSA,Bandikui,Town Panchayat,248722
RAJASTHAN,ALWAR,BANSUR,Town Panchayat,296923
RAJASTHAN,BANSWARA,Banswara,Municipality,248835
RAJASTHAN,BARAN,Baran,Municipality,248858
RAJASTHAN,DHOLPUR,Bari,Town Panchayat,248712
RAJASTHAN,CHITTORGARH,Bari Sadri,Town Panchayat,248843
RAJASTHAN,BARMER,Barmer,Municipality,248766
RAJASTHAN,DHOLPUR,BASERI,Town Panchayat,296931
RAJASTHAN,JAIPUR,BASSI,Town Panchayat,296925
RAJASTHAN,BHARATPUR,Bayana,Town Panchayat,248711
RAJASTHAN,AJMER,Beawar,Municipality,248790
RAJASTHAN,CHITTORGARH,Begun,Town Panchayat,248837
RAJASTHAN,ALWAR,Behror,Town Panchayat,248694
RAJASTHAN,HANUMANGARH,Bhadra,Town Panchayat,248666
RAJASTHAN,BHARATPUR,Bharatpur,Municipal Corporation,248708
RAJASTHAN,JHALAWAR,Bhawani Mandi,Town Panchayat,248867
RAJASTHAN,BHILWARA,Bhilwara,Municipality,248812
RAJASTHAN,UDAIPUR,Bhinder,Town Panchayat,248823
RAJASTHAN,JALORE,Bhinmal,Town Panchayat,248768
RAJASTHAN,ALWAR,Bhiwadi,Municipality,248695
RAJASTHAN,JODHPUR,BHOPALGARH,Town Panchayat,296924
RAJASTHAN,BHARATPUR,Bhusawar,Town Panchayat,248709
RAJASTHAN,CHURU,Bidasar,Town Panchayat,248678
RAJASTHAN,BIKANER,Bikaner,Municipal Corporation,248667
RAJASTHAN,JODHPUR,Bilara,Town Panchayat,248762
RAJASTHAN,JHUNJHUNU,Bissau,Town Panchayat,248681
RAJASTHAN,NAGAUR,Borawar,Town Panchayat,299534
RAJASTHAN,BUNDI,Bundi,Municipality,248806
RAJASTHAN,JAIPUR,Chaksu,Town Panchayat,248737
RAJASTHAN,BARAN,Chhabra,Town Panchayat,248860
RAJASTHAN,CHURU,Chhapar,Town Panchayat,248679
RAJASTHAN,PRATAPGARH,Chhoti Sadri,Town Panchayat,248842
RAJASTHAN,JHUNJHUNU,Chirawa,Town Panchayat,248687
RAJASTHAN,CHITTORGARH,Chittaurgarh,Municipality,248839
RAJASTHAN,JAIPUR,Chomu,Town Panchayat,248730
RAJASTHAN,CHURU,Churu,Municipality,248673
RAJASTHAN,DAUSA,Dausa,Municipality,248725
RAJASTHAN,BHARATPUR,Deeg,Town Panchayat,248705
RAJASTHAN,NAGAUR,degana,Town Panchayat,277231
RAJASTHAN,RAJSAMAND,Deogarh,Town Panchayat,248816
RAJASTHAN,TONK,Deoli,Town Panchayat,248799
RAJASTHAN,BIKANER,Deshnoke,Town Panchayat,248668
RAJASTHAN,DHOLPUR,Dhaulpur,Municipality,248713
RAJASTHAN,NAGAUR,Didwana,Town Panchayat,248748
RAJASTHAN,DUNGARPUR,Dungarpur,Municipality,248831
RAJASTHAN,PALI,Falna,Town Panchayat,248784
RAJASTHAN,UDAIPUR,Fatehnagar,Town Panchayat,248821
RAJASTHAN,SIKAR,Fatehpur,Town Panchayat,248739
RAJASTHAN,GANGANAGAR,Gajsinghpur,Town Panchayat,248654
RAJASTHAN,BHILWARA,Gangapur,Town Panchayat,248811
RAJASTHAN,SAWAI MADHOPUR,Gangapur City,Municipality,248718
RAJASTHAN,ALWAR,Govindgarh,Town Panchayat,299536
RAJASTHAN,JAIPUR,Greater Jaipur,Municipal Corporation,293844
RAJASTHAN,BHILWARA,Gulabpura,Town Panchayat,248809
RAJASTHAN,HANUMANGARH,Hanumangarh,Municipality,248662
RAJASTHAN,KARAULI,Hindaun,Municipality,248716
RAJASTHAN,BUNDI,Indragarh,Town Panchayat,248802
RAJASTHAN,KOTA,ITAWA,Town Panchayat,263007
RAJASTHAN,BHILWARA,Jahazpur,Town Panchayat,248813
RAJASTHAN,JAIPUR,Jaipur Heritage,Municipal Corporation,248736
RAJASTHAN,JAISALMER,Jaisalmer,Municipality,248763
RAJASTHAN,PALI,Jaitaran,Town Panchayat,248775
RAJASTHAN,JALORE,Jalore,Municipality,248767
RAJASTHAN,SIROHI,JAWAL,Town Panchayat,296927
RAJASTHAN,JHALAWAR,Jhalawar,Municipality,248862
RAJASTHAN,JHALAWAR,Jhalrapatan,Town Panchayat,248863
RAJASTHAN,JHUNJHUNU,Jhunjhunun,Municipality,248683
RAJASTHAN,JAIPUR,Jobner,Town Panchayat,248732
RAJASTHAN,JODHPUR,Jodhpur-North,Municipal Corporation,293843
RAJASTHAN,JODHPUR,Jodhpur-South,Municipal Corporation,248760
RAJASTHAN,KOTA,Kaithoon,Town Panchayat,248847
RAJASTHAN,BHARATPUR,Kaman,Town Panchayat,248703
RAJASTHAN,UDAIPUR,Kanor,Town Panchayat,248824
RAJASTHAN,CHITTORGARH,Kapasan,Town Panchayat,248840
RAJASTHAN,BUNDI,Kaprain,Town Panchayat,248804
RAJASTHAN,KARAULI,Karauli,Municipality,248717
RAJASTHAN,AJMER,Kekri,Town Panchayat,248793
RAJASTHAN,BUNDI,Keshoraipatan,Town Panchayat,248805
RAJASTHAN,GANGANAGAR,Kesrisinghpur,Town Panchayat,248649
RAJASTHAN,ALWAR,Khairthal,Town Panchayat,248698
RAJASTHAN,SIKAR,Khandela,Town Panchayat,248743
RAJASTHAN,SIKAR,Khatushyamji,Town Panchayat,277601
RAJASTHAN,ALWAR,Kherli,Town Panchayat,248702
RAJASTHAN,JHUNJHUNU,Khetri,Town Panchayat,248690
RAJASTHAN,AJMER,Kishangarh,Municipality,248786
RAJASTHAN,ALWAR,kishangarhbas,Town Panchayat,277233
RAJASTHAN,JAIPUR,Kishangarh Renwal,Town Panchayat,248731
RAJASTHAN,KOTA,Kota-North,Municipal Corporation,293842
RAJASTHAN,KOTA,Kota-South,Municipal Corporation,248845
RAJASTHAN,ALWAR,Kotkasim,Town Panchayat,299535
RAJASTHAN,JAIPUR,Kotputli,Town Panchayat,248727
RAJASTHAN,NAGAUR,Kuchaman City,Town Panchayat,248757
RAJASTHAN,NAGAUR,Kuchera,Town Panchayat,248752
RAJASTHAN,BHARATPUR,Kumher,Town Panchayat,248707
RAJASTHAN,BANSWARA,Kushalgarh,Town Panchayat,248836
RAJASTHAN,SIKAR,Lachhmangarh,Town Panchayat,248740
RAJASTHAN,NAGAUR,Ladnu,Town Panchayat,248747
RAJASTHAN,BUNDI,Lakheri,Town Panchayat,248803
RAJASTHAN,GANGANAGAR,LALGARH-JATTAN,Town Panchayat,296935
RAJASTHAN,DAUSA,Lalsot,Town Panchayat,248726
RAJASTHAN,ALWAR,LAXMANGARH (ALWAR),Town Panchayat,296915
RAJASTHAN,SIKAR,Losal,Town Panchayat,248742
RAJASTHAN,DAUSA,Mahwa,Town Panchayat,275691
RAJASTHAN,NAGAUR,Makrana,Municipality,248756
RAJASTHAN,TONK,Malpura,Town Panchayat,248794
RAJASTHAN,BHILWARA,Mandalgarh,Town Panchayat,248814
RAJASTHAN,JHUNJHUNU,Mandawa,Town Panchayat,248682
RAJASTHAN,DAUSA,MANDAWARI,Town Panchayat,296926
RAJASTHAN,BARAN,Mangrol,Town Panchayat,248856
RAJASTHAN,NAGAUR,Merta City,Town Panchayat,248753
RAJASTHAN,SIROHI,Mount Abu,Town Panchayat,248773
RAJASTHAN,JHUNJHUNU,Mukandgarh,Town Panchayat,248691
RAJASTHAN,NAGAUR,Mundwa,Town Panchayat,248751
RAJASTHAN,BHARATPUR,Nadbai,Town Panchayat,248706
RAJASTHAN,BHARATPUR,Nagar,Town Panchayat,248704
RAJASTHAN,NAGAUR,Nagaur,Municipality,248749
RAJASTHAN,BUNDI,Nainwa,Town Panchayat,248801
RAJASTHAN,AJMER,nasirabad,Town Panchayat,277232
RAJASTHAN,RAJSAMAND,Nathdwara,Town Panchayat,248820
RAJASTHAN,NAGAUR,Nawa,Town Panchayat,248758
RAJASTHAN,JHUNJHUNU,Nawalgarh,Town Panchayat,248692
RAJASTHAN,SIKAR,Neem-Ka-Thana,Town Panchayat,248746
RAJASTHAN,CHITTORGARH,Nimbahera,Town Panchayat,248841
RAJASTHAN,TONK,Niwai,Town Panchayat,248796
RAJASTHAN,HANUMANGARH,Nohar,Town Panchayat,248665
RAJASTHAN,BIKANER,Nokha,Town Panchayat,248669
RAJASTHAN,GANGANAGAR,Padampur,Town Panchayat,248653
RAJASTHAN,PALI,Pali,Municipality,248778
RAJASTHAN,JAIPUR,PAOTA,Town Panchayat,296922
RAJASTHAN,NAGAUR,Parbatsar,Town Panchayat,248755
RAJASTHAN,BANSWARA,partapur -garhi,Town Panchayat,277602
RAJASTHAN,JODHPUR,Phalodi,Town Panchayat,248759
RAJASTHAN,JAIPUR,Phulera,Town Panchayat,248734
RAJASTHAN,JHUNJHUNU,Pilani,Town Panchayat,248685
RAJASTHAN,HANUMANGARH,Pilibanga,Town Panchayat,248663
RAJASTHAN,SIROHI,pindwara,Town Panchayat,277234
RAJASTHAN,JODHPUR,Pipar City,Town Panchayat,248761
RAJASTHAN,JHALAWAR,Pirawa,Town Panchayat,248868
RAJASTHAN,JAISALMER,Pokaran,Town Panchayat,248764
RAJASTHAN,PRATAPGARH,Pratapgarh,Municipality,248844
RAJASTHAN,AJMER,Pushkar,Town Panchayat,248787
RAJASTHAN,GANGANAGAR,Raisinghnagar,Town Panchayat,248655
RAJASTHAN,DHOLPUR,Rajakhera,Town Panchayat,248714
RAJASTHAN,CHURU,Rajaldesar,Town Panchayat,248677
RAJASTHAN,CHURU,Rajgarh (Alwar),Town Panchayat,248671
RAJASTHAN,CHURU,Rajgarh(Churu),Town Panchayat,248700
RAJASTHAN,RAJSAMAND,Rajsamand,Municipality,248818
RAJASTHAN,KOTA,Ramganj Mandi,Town Panchayat,248851
RAJASTHAN,SIKAR,Ramgarh,Town Panchayat,248738
RAJASTHAN,ALWAR,RAMGARH (ALWAR),Town Panchayat,296916
RAJASTHAN,PALI,Rani,Town Panchayat,248780
RAJASTHAN,CHURU,Ratangarh,Town Panchayat,248676
RAJASTHAN,CHURU,Ratannagar,Town Panchayat,248674
RAJASTHAN,CHITTORGARH,Rawatbhata,Town Panchayat,248838
RAJASTHAN,HANUMANGARH,Rawatsar,Town Panchayat,248664
RAJASTHAN,SIKAR,Reengus,Town Panchayat,248745
RAJASTHAN,BHARATPUR,ROOPBAS,Town Panchayat,263008
RAJASTHAN,PALI,Sadri,Town Panchayat,248781
RAJASTHAN,GANGANAGAR,Sadulshahar,Town Panchayat,248652
RAJASTHAN,DUNGARPUR,Sagwara,Town Panchayat,248832
RAJASTHAN,UDAIPUR,Salumbar,Town Panchayat,248826
RAJASTHAN,JAIPUR,Sambhar,Town Panchayat,248733
RAJASTHAN,JALORE,Sanchore,Town Panchayat,248769
RAJASTHAN,HANUMANGARH,Sangaria,Town Panchayat,248661
RAJASTHAN,KOTA,Sangod,Town Panchayat,248855
RAJASTHAN,KARAULI,SAPOTRA,Town Panchayat,296932
RAJASTHAN,CHURU,Sardarshahar,Town Panchayat,248672
RAJASTHAN,DHOLPUR,SARMATHURA,Town Panchayat,296930
RAJASTHAN,AJMER,Sarwar,Town Panchayat,248792
RAJASTHAN,SAWAI MADHOPUR,Sawai Madhopur,Municipality,248720
RAJASTHAN,JAIPUR,Shahpura,Town Panchayat,248729
RAJASTHAN,JAIPUR,shahpura..(Bhilwara),Town Panchayat,277235
RAJASTHAN,SIROHI,Sheoganj,Town Panchayat,248770
RAJASTHAN,SIKAR,Sikar,Municipality,248741
RAJASTHAN,BHARATPUR,sikri,Town Panchayat,298995
RAJASTHAN,SIROHI,Sirohi,Municipality,248771
RAJASTHAN,PALI,Sojat,Town Panchayat,248776
RAJASTHAN,BIKANER,Sri Dungargarh,Town Panchayat,248675
RAJASTHAN,GANGANAGAR,Sri Ganganagar,Municipality,248651
RAJASTHAN,GANGANAGAR,Srikaranpur,Town Panchayat,248650
RAJASTHAN,SIKAR,Sri Madhopur,Town Panchayat,248744
RAJASTHAN,GANGANAGAR,Srivijainagar,Town Panchayat,248658
RAJASTHAN,CHURU,Sujangarh,Municipality,248680
RAJASTHAN,KOTA,SULTANPUR,Town Panchayat,296933
RAJASTHAN,PALI,Sumerpur,Town Panchayat,248783
RAJASTHAN,JHUNJHUNU,Surajgarh,Town Panchayat,248688
RAJASTHAN,GANGANAGAR,Suratgarh,Town Panchayat,248660
RAJASTHAN,PALI,Takhatgarh,Town Panchayat,248782
RAJASTHAN,CHURU,Taranagar,Town Panchayat,248670
RAJASTHAN,ALWAR,Thanagaji,Town Panchayat,290432
RAJASTHAN,ALWAR,Tijara,Town Panchayat,248696
RAJASTHAN,KARAULI,Todabhim,Town Panchayat,248715
RAJASTHAN,TONK,Todaraisingh,Town Panchayat,248798
RAJASTHAN,TONK,Tonk,Municipality,248797
RAJASTHAN,BHARATPUR,Uchhain,Town Panchayat,298994
RAJASTHAN,UDAIPUR,Udaipur,Municipal Corporation,248822
RAJASTHAN,JHUNJHUNU,Udaipurwati,Town Panchayat,248693
RAJASTHAN,TONK,Uniara,Town Panchayat,248800
RAJASTHAN,JHUNJHUNU,Vidyavihar,Town Panchayat,248686
RAJASTHAN,AJMER,Vijainagar,Town Panchayat,248791
RAJASTHAN,JAIPUR,Viratnagar,Town Panchayat,248728
RAJASTHAN,BHARATPUR,Weir,Town Panchayat,248710
SIKKIM,Gangtok,Gangtok,Municipal Corporation,249694
SIKKIM,Gyalshing,Gyalshing Nagar Panchayat,Municipality,249690
SIKKIM,Mangan,Mangan Nagar Panchayat,Town Panchayat,249689
SIKKIM,Namchi,Namchi Municipal Council,Municipality,249692
SIKKIM,Namchi,Nayabazar Jorethang Nagar Panchayat,Municipality,249693
SIKKIM,Pakyong,Rangpo Nagar Panchayat,Town Panchayat,290460
SIKKIM,Gangtok,Singtam Nagar Panchayat,Town Panchayat,249695
TAMIL NADU,RAMANATHAPURAM,Abiramam,Town Panchayat,252954
TAMIL NADU,TENKASI,Achampudur,Town Panchayat,253002
TAMIL NADU,CHENGALPATTU,Acharapakkam,Town Panchayat,252348
TAMIL NADU,THE NILGIRIS,Adikaratti,Town Panchayat,252607
TAMIL NADU,THANJAVUR,Adiramapattinam,Town Panchayat,252840
TAMIL NADU,THANJAVUR,Aduthurai,Town Panchayat,252818
TAMIL NADU,DINDIGUL,Agaram,Town Panchayat,252702
TAMIL NADU,KANNIYAKUMARI,Agastheeswaram,Town Panchayat,253090
TAMIL NADU,KANNIYAKUMARI,Alagapapuram,Town Panchayat,260288
TAMIL NADU,NAMAKKAL,Alampalayam,Town Panchayat,252505
TAMIL NADU,MADURAI,Alanganallur,Town Panchayat,252883
TAMIL NADU,Tirupathur,Alangayam,Town Panchayat,252395
TAMIL NADU,PUDUKKOTTAI,Alangudi,Town Panchayat,252852
TAMIL NADU,TENKASI,Alangulam,Town Panchayat,253008
TAMIL NADU,COIMBATORE,Alanthurai,Town Panchayat,252658
TAMIL NADU,KANNIYAKUMARI,Alur,Town Panchayat,253063
TAMIL NADU,TIRUNELVELI,Alwarkurichi,Town Panchayat,253012
TAMIL NADU,TUTICORIN,Alwarthirunagiri,Town Panchayat,252977
TAMIL NADU,TIRUNELVELI,Ambasamudram,Municipality,253014
TAMIL NADU,Tirupathur,Ambur,Municipality,252391
TAMIL NADU,DINDIGUL,Ammainaickanur,Town Panchayat,252714
TAMIL NADU,THANJAVUR,Ammapettai,Town Panchayat,252533
TAMIL NADU,ERODE,Ammapettai,Town Panchayat,252829
TAMIL NADU,Ranipet,Ammoor,Town Panchayat,252361
TAMIL NADU,COIMBATORE,Anaimalai,Town Panchayat,252678
TAMIL NADU,VILLUPURAM,Ananthapuram,Town Panchayat,252437
TAMIL NADU,THENI,Andipatti,Town Panchayat,252922
TAMIL NADU,KANNIYAKUMARI,Anjugrammam,Town Panchayat,253089
TAMIL NADU,CUDDALORE,Annamalai Nagar,Town Panchayat,252782
TAMIL NADU,PUDUKKOTTAI,Annavasal,Town Panchayat,252844
TAMIL NADU,COIMBATORE,Annur,Town Panchayat,252614
TAMIL NADU,ERODE,Anthiyur,Town Panchayat,252535
TAMIL NADU,ERODE,Appakudal,Town Panchayat,252537
TAMIL NADU,ERODE,Arachalur,Town Panchayat,252575
TAMIL NADU,VILLUPURAM,Arakandanallur,Town Panchayat,252445
TAMIL NADU,Ranipet,ARAKKONAM,Municipality,252367
TAMIL NADU,KANNIYAKUMARI,Aralvaimozhi,Town Panchayat,253076
TAMIL NADU,THIRUVALLUR,Arani,Town Panchayat,252263
TAMIL NADU,TIRUVANNAMALAI,Arani,Municipality,252422
TAMIL NADU,PUDUKKOTTAI,Aranthangi,Municipality,252854
TAMIL NADU,SALEM,Arasiramani,Town Panchayat,252471
TAMIL NADU,KARUR,Aravakurichi,Town Panchayat,252719
TAMIL NADU,Ranipet,Arcot,Municipality,252373
TAMIL NADU,PUDUKKOTTAI,Arimalam,Town Panchayat,252850
TAMIL NADU,Ariyalur,Ariyalur,Municipality,252767
TAMIL NADU,ERODE,Ariyappampalayam,Town Panchayat,252529
TAMIL NADU,KANNIYAKUMARI,Arumanai,Town Panchayat,253033
TAMIL NADU,PERAMBALUR,Arumbavur,Town Panchayat,252760
TAMIL NADU,TUTICORIN,Arumuganeri,Town Panchayat,252981
TAMIL NADU,VIRUDHUNAGAR,Aruppukkottai,Municipality,252947
TAMIL NADU,ERODE,Athani,Town Panchayat,252536
TAMIL NADU,NAMAKKAL,Athanur,Town Panchayat,252509
TAMIL NADU,TUTICORIN,Athur,Town Panchayat,252979
TAMIL NADU,KANNIYAKUMARI,Athur,Town Panchayat,253055
TAMIL NADU,SALEM,Attayampatti,Town Panchayat,252483
TAMIL NADU,SALEM,Attur,Municipality,252491
TAMIL NADU,THIRUVALLUR,Avadi,Municipal Corporation,252276
TAMIL NADU,ERODE,Avalpoondurai,Town Panchayat,252572
TAMIL NADU,TIRUPPUR,Avanashi,Town Panchayat,252615
TAMIL NADU,MADURAI,A.Vellalapatti,Town Panchayat,252870
TAMIL NADU,DINDIGUL,Ayakudi,Town Panchayat,252691
TAMIL NADU,TENKASI,Aygudi,Town Panchayat,252996
TAMIL NADU,SALEM,Ayothiapattinam,Town Panchayat,252486
TAMIL NADU,DINDIGUL,Ayyalur,Town Panchayat,252699
TAMIL NADU,DINDIGUL,Ayyampalayam,Town Panchayat,252711
TAMIL NADU,THANJAVUR,Ayyampettai,Town Panchayat,252340
TAMIL NADU,KANNIYAKUMARI,Azhagiapandipuram,Town Panchayat,253073
TAMIL NADU,TIRUCHIRAPPALLI,Balakrishnampatti,Town Panchayat,252740
TAMIL NADU,DINDIGUL,Balasamudram,Town Panchayat,252694
TAMIL NADU,KRISHNAGIRI,Bargur,Town Panchayat,252401
TAMIL NADU,DINDIGUL,Batlagundu,Town Panchayat,252718
TAMIL NADU,SALEM,Belur,Town Panchayat,252487
TAMIL NADU,ERODE,Bhavani,Municipality,252539
TAMIL NADU,ERODE,Bhavanisagar,Town Panchayat,252530
TAMIL NADU,CUDDALORE,Bhuvanagiri,Town Panchayat,252779
TAMIL NADU,THE NILGIRIS,Bikketti,Town Panchayat,252609
TAMIL NADU,DHARMAPURI,B.Mallapuram,Town Panchayat,252415
TAMIL NADU,THENI,B. Meenakshipuram,Town Panchayat,252896
TAMIL NADU,THENI,Bodinayakanur,Municipality,252897
TAMIL NADU,KANNIYAKUMARI,Boothapandi,Town Panchayat,253074
TAMIL NADU,THENI,Boothipuram,Town Panchayat,252895
TAMIL NADU,CHENGALPATTU,Chengalpattu,Municipality,252333
TAMIL NADU,TIRUVANNAMALAI,Chengam,Town Panchayat,252432
TAMIL NADU,CHENNAI,Chennai,Municipal Corporation,252294
TAMIL NADU,ERODE,Chennasamudram,Town Panchayat,252584
TAMIL NADU,ERODE,Chennimalai,Town Panchayat,252562
TAMIL NADU,TIRUNELVELI,Cheranmadevi,Town Panchayat,253019
TAMIL NADU,TIRUVANNAMALAI,Chetpet,Town Panchayat,252430
TAMIL NADU,VIRUDHUNAGAR,Chettiarpatti,Town Panchayat,252926
TAMIL NADU,COIMBATORE,Chettipalayam,Town Panchayat,252617
TAMIL NADU,CUDDALORE,Chidambaram,Municipality,252781
TAMIL NADU,TIRUPPUR,Chinnakkampalayam,Town Panchayat,252593
TAMIL NADU,DINDIGUL,Chinnalapatti,Town Panchayat,252709
TAMIL NADU,THENI,Chinnamanur,Municipality,252913
TAMIL NADU,KALLAKURICHI,Chinnasalem,Town Panchayat,252452
TAMIL NADU,ERODE,Chithode,Town Panchayat,252564
TAMIL NADU,CHENGALPATTU,Chitlapakkam,Town Panchayat,252320
TAMIL NADU,THANJAVUR,Cholapuram,Town Panchayat,252819
TAMIL NADU,COIMBATORE,Coimbatore,Municipal Corporation,252653
TAMIL NADU,THE NILGIRIS,Coonoor,Municipality,252605
TAMIL NADU,TENKASI,Courtalam,Town Panchayat,253001
TAMIL NADU,CUDDALORE,Cuddalore,Municipal Corporation,252773
TAMIL NADU,THENI,CUMBUM,Municipality,252918
TAMIL NADU,KRISHNAGIRI,Denkanikottai,Town Panchayat,252406
TAMIL NADU,TIRUVANNAMALAI,Desur,Town Panchayat,252427
TAMIL NADU,THENI,Devadanapatti,Town Panchayat,252899
TAMIL NADU,SIVAGANGA,Devakkottai,Municipality,252864
TAMIL NADU,THE NILGIRIS,Devarshola,Town Panchayat,252595
TAMIL NADU,TIRUPPUR,Dhali,Town Panchayat,252688
TAMIL NADU,COIMBATORE,Dhaliyur,Town Panchayat,252656
TAMIL NADU,TIRUPPUR,Dharapuram,Municipality,252592
TAMIL NADU,THANJAVUR,Dharasuram,Town Panchayat,252825
TAMIL NADU,DHARMAPURI,Dharmapuri,Municipality,252417
TAMIL NADU,DINDIGUL,Dindigul,Municipal Corporation,252707
TAMIL NADU,SALEM,Edaganasalai,Town Panchayat,252470
TAMIL NADU,KANNIYAKUMARI,Edaicode,Town Panchayat,253034
TAMIL NADU,CHENGALPATTU,Edakalinadu,Town Panchayat,252349
TAMIL NADU,SALEM,Elampillai,Town Panchayat,260289
TAMIL NADU,ERODE,Elathur,Town Panchayat,252548
TAMIL NADU,MADURAI,Elumalai,Town Panchayat,252885
TAMIL NADU,TUTICORIN,Eral,Town Panchayat,252975
TAMIL NADU,KANNIYAKUMARI,Eraniel,Town Panchayat,253064
TAMIL NADU,DINDIGUL,Eriodu,Town Panchayat,252698
TAMIL NADU,ERODE,Erode,Municipal Corporation,252568
TAMIL NADU,NAMAKKAL,Erumaipatti,Town Panchayat,252520
TAMIL NADU,TIRUNELVELI,Eruvadi,Town Panchayat,253028
TAMIL NADU,SALEM,Ethapur,Town Panchayat,252489
TAMIL NADU,TUTICORIN,Ettayapuram,Town Panchayat,252966
TAMIL NADU,COIMBATORE,Ettimadai,Town Panchayat,252666
TAMIL NADU,KANNIYAKUMARI,Ezhudesam,Town Panchayat,253043
TAMIL NADU,KANNIYAKUMARI,Ganapathipuram,Town Panchayat,253081
TAMIL NADU,CUDDALORE,Gangaikondan,Town Panchayat,252788
TAMIL NADU,SALEM,Gangavalli,Town Panchayat,252496
TAMIL NADU,THENI,Ganguvarpatti,Town Panchayat,252900
TAMIL NADU,VILLUPURAM,Gingee,Town Panchayat,252436
TAMIL NADU,ERODE,Gobichettipalayam,Municipality,252547
TAMIL NADU,TIRUNELVELI,Gopalasamudram,Town Panchayat,253022
TAMIL NADU,THENI,Gudalur,Municipality,252596
TAMIL NADU,THE NILGIRIS,Gudalur,Municipality,252639
TAMIL NADU,COIMBATORE,Gudalur,Town Panchayat,252920
TAMIL NADU,VELLORE,Gudiyatham,Municipality,252351
TAMIL NADU,THIRUVALLUR,Gummidipoondi,Town Panchayat,252262
TAMIL NADU,THENI,Hanumanthampatti,Town Panchayat,252916
TAMIL NADU,DHARMAPURI,Harur,Town Panchayat,252413
TAMIL NADU,THENI,Highways,Town Panchayat,252921
TAMIL NADU,KRISHNAGIRI,Hosur,Municipal Corporation,252399
TAMIL NADU,THE NILGIRIS,Huligal,Town Panchayat,252608
TAMIL NADU,SALEM,Idappadi,Municipality,252468
TAMIL NADU,COIMBATORE,Idikarai,Town Panchayat,252641
TAMIL NADU,TENKASI,Ilanji,Town Panchayat,252999
TAMIL NADU,SIVAGANGA,Ilayangudi,Town Panchayat,252869
TAMIL NADU,PUDUKKOTTAI,Iluppur,Town Panchayat,252843
TAMIL NADU,COIMBATORE,Irugur,Town Panchayat,252629
TAMIL NADU,THE NILGIRIS,Jagathala,Town Panchayat,252602
TAMIL NADU,SALEM,Jalakandapuram,Town Panchayat,252462
TAMIL NADU,ERODE,Jambai,Town Panchayat,252538
TAMIL NADU,Ariyalur,Jayankondam,Municipality,252765
TAMIL NADU,Tirupathur,Jolarpet,Municipality,252397
TAMIL NADU,TUTICORIN,Kadambur,Town Panchayat,252964
TAMIL NADU,DHARMAPURI,Kadathur,Town Panchayat,252414
TAMIL NADU,KANNIYAKUMARI,Kadayal,Town Panchayat,253032
TAMIL NADU,SALEM,Kadayampatti,Town Panchayat,252463
TAMIL NADU,TENKASI,Kadayanallur,Municipality,252994
TAMIL NADU,TIRUNELVELI,Kalakad,Town Panchayat,253025
TAMIL NADU,TIRUVANNAMALAI,Kalambur,Town Panchayat,252428
TAMIL NADU,NAMAKKAL,Kalappanaickenpatti,Town Panchayat,252516
TAMIL NADU,Ranipet,Kalavai,Town Panchayat,252376
TAMIL NADU,KANNIYAKUMARI,Kaliyakkavilai,Town Panchayat,253036
TAMIL NADU,TIRUNELVELI,Kalladaikurichi,Town Panchayat,253017
TAMIL NADU,KALLAKURICHI,Kallakkurichi,Municipality,252451
TAMIL NADU,TIRUCHIRAPPALLI,Kallakudi,Town Panchayat,252744
TAMIL NADU,KANNIYAKUMARI,Kallukuttam,Town Panchayat,253065
TAMIL NADU,TUTICORIN,Kalugumalai,Town Panchayat,252961
TAMIL NADU,THENI,Kamayagoundanpatti,Town Panchayat,252919
TAMIL NADU,DHARMAPURI,Kambainallur,Town Panchayat,252412
TAMIL NADU,RAMANATHAPURAM,Kamuthi,Town Panchayat,252955
TAMIL NADU,SIVAGANGA,Kanadukathan,Town Panchayat,252858
TAMIL NADU,TUTICORIN,Kanam,Town Panchayat,252982
TAMIL NADU,KANCHIPURAM,Kancheepuram,Municipal Corporation,252336
TAMIL NADU,SIVAGANGA,Kandanur,Town Panchayat,252861
TAMIL NADU,TIRUPPUR,Kangeyam,Municipality,290455
TAMIL NADU,TIRUPPUR,Kaniyur,Town Panchayat,252682
TAMIL NADU,ERODE,Kanjikoil,Town Panchayat,252553
TAMIL NADU,TIRUVANNAMALAI,Kannamangalam,Town Panchayat,252420
TAMIL NADU,COIMBATORE,Kannampalayam,Town Panchayat,252634
TAMIL NADU,SALEM,Kannankurichi,Town Panchayat,252475
TAMIL NADU,DINDIGUL,Kannivadi,Town Panchayat,252589
TAMIL NADU,TIRUPPUR,Kannivadi,Town Panchayat,252705
TAMIL NADU,KANNIYAKUMARI,Kanniyakumari,Town Panchayat,253091
TAMIL NADU,KANNIYAKUMARI,Kappiyarai,Town Panchayat,253058
TAMIL NADU,SIVAGANGA,KARAIKUDI,Municipality,252863
TAMIL NADU,COIMBATORE,Karamadai,Town Panchayat,252613
TAMIL NADU,PUDUKKOTTAI,Karambakkudi,Town Panchayat,252851
TAMIL NADU,DHARMAPURI,Kariamangalam,Town Panchayat,252408
TAMIL NADU,VIRUDHUNAGAR,Kariapatti,Town Panchayat,252945
TAMIL NADU,ERODE,Karumandi Chellipalayam,Town Panchayat,252554
TAMIL NADU,COIMBATORE,Karumathampatti,Town Panchayat,252628
TAMIL NADU,KANNIYAKUMARI,Karungal,Town Panchayat,253046
TAMIL NADU,CHENGALPATTU,Karunguzhi,Town Panchayat,252346
TAMIL NADU,SALEM,Karuppur,Town Panchayat,252465
TAMIL NADU,KARUR,Karur,Municipal Corporation,252725
TAMIL NADU,ERODE,Kasipalayam (G),Town Panchayat,252546
TAMIL NADU,CUDDALORE,Kattumannarkoil,Town Panchayat,252785
TAMIL NADU,TIRUCHIRAPPALLI,Kattuputhur,Town Panchayat,252735
TAMIL NADU,Ranipet,Kaveripakkam,Town Panchayat,252371
TAMIL NADU,KRISHNAGIRI,Kaveripattinam,Town Panchayat,252404
TAMIL NADU,TUTICORIN,Kayalpattinam,Municipality,252980
TAMIL NADU,TUTICORIN,Kayatharu,Town Panchayat,252965
TAMIL NADU,RAMANATHAPURAM,Keelakarai,Municipality,252958
TAMIL NADU,PUDUKKOTTAI,Keeramangalam,Town Panchayat,252853
TAMIL NADU,PUDUKKOTTAI,Keeranur,Town Panchayat,252690
TAMIL NADU,DINDIGUL,Keeranur,Town Panchayat,252845
TAMIL NADU,SALEM,Keeripatti,Town Panchayat,252493
TAMIL NADU,KANNIYAKUMARI,Keezhkulam,Town Panchayat,253044
TAMIL NADU,KRISHNAGIRI,Kelamangalam,Town Panchayat,252405
TAMIL NADU,ERODE,Kembainaickenpalayam,Town Panchayat,252527
TAMIL NADU,THE NILGIRIS,Kethi,Town Panchayat,252603
TAMIL NADU,ERODE,Kilampadi,Town Panchayat,252577
TAMIL NADU,TENKASI,Kilapavoor,Town Panchayat,253007
TAMIL NADU,THE NILGIRIS,Kilkunda,Town Panchayat,252610
TAMIL NADU,CUDDALORE,Killai,Town Panchayat,252780
TAMIL NADU,KANNIYAKUMARI,Killiyoor,Town Panchayat,253045
TAMIL NADU,TIRUVANNAMALAI,Kilpennathur,Town Panchayat,252433
TAMIL NADU,NAGAPATTINAM,Kilvelur,Town Panchayat,252799
TAMIL NADU,COIMBATORE,Kinathukadavu,Town Panchayat,252670
TAMIL NADU,DINDIGUL,Kodaikanal,Municipality,252713
TAMIL NADU,THIRUVARUR,Kodavasal,Town Panchayat,252804
TAMIL NADU,ERODE,Kodumudi,Town Panchayat,252583
TAMIL NADU,KANNIYAKUMARI,Kolachal,Municipality,253068
TAMIL NADU,ERODE,Kolappalur,Town Panchayat,252549
TAMIL NADU,TIRUPPUR,Kolathupalayam,Town Panchayat,252591
TAMIL NADU,SALEM,Kolathur,Town Panchayat,252455
TAMIL NADU,KANNIYAKUMARI,Kollancode,Town Panchayat,253042
TAMIL NADU,ERODE,Kollankoil,Town Panchayat,252580
TAMIL NADU,TIRUPPUR,Komaralingam,Town Panchayat,252687
TAMIL NADU,NAMAKKAL,KOMARAPALAYAM,Municipality,252499
TAMIL NADU,THENI,Kombai,Town Panchayat,252912
TAMIL NADU,SALEM,Konganapuram,Town Panchayat,252469
TAMIL NADU,THIRUVARUR,Koothanallur,Municipality,252810
TAMIL NADU,TIRUCHIRAPPALLI,Koothappar,Town Panchayat,252752
TAMIL NADU,THIRUVARUR,Koradacheri,Town Panchayat,252805
TAMIL NADU,THE NILGIRIS,Kotagiri,Town Panchayat,252601
TAMIL NADU,KANNIYAKUMARI,Kothanallur,Town Panchayat,253053
TAMIL NADU,SIVAGANGA,Kottaiyur,Town Panchayat,252860
TAMIL NADU,VILLUPURAM,Kottakuppam,Town Panchayat,252440
TAMIL NADU,KANNIYAKUMARI,Kottaram,Town Panchayat,253088
TAMIL NADU,COIMBATORE,Kottur,Town Panchayat,252681
TAMIL NADU,TUTICORIN,Kovilpatti,Municipality,252962
TAMIL NADU,KRISHNAGIRI,Krishnagiri,Municipality,252402
TAMIL NADU,KARUR,Krishnarayapuram,Town Panchayat,252729
TAMIL NADU,THENI,Kuchanur,Town Panchayat,252909
TAMIL NADU,ERODE,Kuhalur,Town Panchayat,252544
TAMIL NADU,KANNIYAKUMARI,Kulasekaram,Town Panchayat,253050
TAMIL NADU,KARUR,Kulithalai,Municipality,252731
TAMIL NADU,KANNIYAKUMARI,Kumarapuram,Town Panchayat,253052
TAMIL NADU,THANJAVUR,Kumbakonam,Municipal Corporation,252823
TAMIL NADU,KANCHIPURAM,Kundrathur,Town Panchayat,252298
TAMIL NADU,TIRUPPUR,Kunnathur,Town Panchayat,252556
TAMIL NADU,CUDDALORE,Kurinjipadi,Town Panchayat,252775
TAMIL NADU,PERAMBALUR,Kurumbalur,Town Panchayat,252761
TAMIL NADU,Mayiladuthurai,Kuthalam,Town Panchayat,252795
TAMIL NADU,KANNIYAKUMARI,Kuzhithurai,Municipality,253038
TAMIL NADU,PERAMBALUR,Labbaikudikadu,Town Panchayat,252763
TAMIL NADU,ERODE,Lakkampatti,Town Panchayat,252545
TAMIL NADU,TIRUCHIRAPPALLI,Lalgudi,Town Panchayat,252747
TAMIL NADU,CUDDALORE,Lalpet,Town Panchayat,252784
TAMIL NADU,CHENGALPATTU,Madambakkam,Town Panchayat,252324
TAMIL NADU,TIRUPPUR,Madathukulam,Town Panchayat,252685
TAMIL NADU,COIMBATORE,Madukkarai,Town Panchayat,252665
TAMIL NADU,THANJAVUR,Madukkur,Town Panchayat,252838
TAMIL NADU,MADURAI,Madurai,Municipal Corporation,252889
TAMIL NADU,CHENGALPATTU,MADURANTAGAM,Municipality,252347
TAMIL NADU,VIRUDHUNAGAR,Mallankinaru,Town Panchayat,252946
TAMIL NADU,NAMAKKAL,Mallasamudram,Town Panchayat,252501
TAMIL NADU,SALEM,Mallur,Town Panchayat,252485
TAMIL NADU,CHENGALPATTU,Mamallapuram,Town Panchayat,252344
TAMIL NADU,VIRUDHUNAGAR,Mamsapuram,Town Panchayat,252931
TAMIL NADU,TIRUCHIRAPPALLI,Manachanallur,Town Panchayat,252743
TAMIL NADU,Mayiladuthurai,Manalmedu,Town Panchayat,252793
TAMIL NADU,KALLAKURICHI,Manalurpet,Town Panchayat,252444
TAMIL NADU,SIVAGANGA,Manamadurai,Town Panchayat,252868
TAMIL NADU,TIRUCHIRAPPALLI,Manapparai,Municipality,252757
TAMIL NADU,KANNIYAKUMARI,Manavalakurichi,Town Panchayat,253069
TAMIL NADU,KANNIYAKUMARI,Mandaikadu,Town Panchayat,253070
TAMIL NADU,RAMANATHAPURAM,Mandapam,Town Panchayat,252959
TAMIL NADU,KANCHIPURAM,Mangadu,Town Panchayat,252295
TAMIL NADU,CUDDALORE,Mangalampet,Town Panchayat,252786
TAMIL NADU,TIRUNELVELI,Manimutharu,Town Panchayat,253023
TAMIL NADU,THIRUVARUR,Mannargudi,Municipality,252811
TAMIL NADU,CHENGALPATTU,Maraimalainagar,Municipality,252330
TAMIL NADU,VILLUPURAM,Marakkanam,Town Panchayat,252439
TAMIL NADU,DHARMAPURI,Marandahalli,Town Panchayat,252407
TAMIL NADU,THENI,Markayankottai,Town Panchayat,252910
TAMIL NADU,KARUR,Marudur,Town Panchayat,252732
TAMIL NADU,KANNIYAKUMARI,Marungur,Town Panchayat,253078
TAMIL NADU,Mayiladuthurai,Mayiladuthurai,Municipality,252794
TAMIL NADU,SALEM,Mecheri,Town Panchayat,252454
TAMIL NADU,TIRUNELVELI,Melacheval,Town Panchayat,253021
TAMIL NADU,THENI,Melachokkanathapuram,Town Panchayat,252898
TAMIL NADU,TENKASI,Melagaram,Town Panchayat,253000
TAMIL NADU,THANJAVUR,Melathiruppanthuruthi,Town Panchayat,252832
TAMIL NADU,THANJAVUR,Melattur,Town Panchayat,252828
TAMIL NADU,CUDDALORE,Melpattampakkam,Town Panchayat,252768
TAMIL NADU,MADURAI,Melur,Municipality,252871
TAMIL NADU,Ranipet,Melvisharam,Municipality,252366
TAMIL NADU,COIMBATORE,Mettupalayam,Municipality,252612
TAMIL NADU,TIRUCHIRAPPALLI,Mettupalayam,Town Panchayat,252736
TAMIL NADU,SALEM,Mettur,Municipality,252457
TAMIL NADU,THIRUVALLUR,Minjur,Town Panchayat,252265
TAMIL NADU,ERODE,Modakurichi,Town Panchayat,252573
TAMIL NADU,NAMAKKAL,Mohanur,Town Panchayat,252521
TAMIL NADU,TIRUNELVELI,Moolakaraipatti,Town Panchayat,253024
TAMIL NADU,COIMBATORE,Mopperipalayam,Town Panchayat,252627
TAMIL NADU,RAMANATHAPURAM,Mudukulathur,Town Panchayat,252953
TAMIL NADU,TIRUNELVELI,Mukkudal,Town Panchayat,253013
TAMIL NADU,KANNIYAKUMARI,Mulagumudu,Town Panchayat,253057
TAMIL NADU,TIRUPPUR,Mulanur,Town Panchayat,252590
TAMIL NADU,TIRUCHIRAPPALLI,Musiri,Town Panchayat,252738
TAMIL NADU,THIRUVARUR,Muthupet,Town Panchayat,252813
TAMIL NADU,TIRUPPUR,Muthur,Town Panchayat,252585
TAMIL NADU,KANNIYAKUMARI,Mylaudy,Town Panchayat,253083
TAMIL NADU,THE NILGIRIS,Naduvattam,Town Panchayat,252599
TAMIL NADU,NAGAPATTINAM,Nagapattinam,Municipality,299500
TAMIL NADU,KANNIYAKUMARI,Nagercoil,Municipal Corporation,253079
TAMIL NADU,KRISHNAGIRI,Nagojanahalli,Town Panchayat,252410
TAMIL NADU,ERODE,Nallampatti,Town Panchayat,252555
TAMIL NADU,KANNIYAKUMARI,Nalloor,Town Panchayat,260663
TAMIL NADU,NAMAKKAL,Namagiripettai,Town Panchayat,252514
TAMIL NADU,NAMAKKAL,Namakkal,Municipality,252518
TAMIL NADU,ERODE,Nambiyur,Town Panchayat,252550
TAMIL NADU,CHENGALPATTU,Nandivaram - Guduvancheri,Town Panchayat,252329
TAMIL NADU,SALEM,Nangavalli,Town Panchayat,252459
TAMIL NADU,KARUR,Nangavaram,Town Panchayat,252733
TAMIL NADU,TIRUNELVELI,Nanguneri,Town Panchayat,253026
TAMIL NADU,THIRUVARUR,Nannilam,Town Panchayat,252807
TAMIL NADU,TIRUNELVELI,Naranammalpuram,Town Panchayat,253010
TAMIL NADU,COIMBATORE,Narasimhanaickenpalayam,Town Panchayat,260290
TAMIL NADU,SALEM,Narasingapuram,Municipality,252363
TAMIL NADU,THIRUVALLUR,Naravarikuppam,Town Panchayat,252283
TAMIL NADU,ERODE,Nasiyanur,Town Panchayat,252565
TAMIL NADU,DINDIGUL,Natham,Town Panchayat,252701
TAMIL NADU,Tirupathur,Natrampalli,Town Panchayat,252396
TAMIL NADU,SIVAGANGA,Nattarasankottai,Town Panchayat,252865
TAMIL NADU,TUTICORIN,Nazerath,Town Panchayat,252983
TAMIL NADU,THIRUVARUR,Needamangalam,Town Panchayat,252809
TAMIL NADU,DINDIGUL,Neikkarapatti,Town Panchayat,252693
TAMIL NADU,CUDDALORE,Nellikuppam,Municipality,252769
TAMIL NADU,THE NILGIRIS,Nelliyalam,Municipality,252594
TAMIL NADU,Ranipet,Nemili,Town Panchayat,252369
TAMIL NADU,SIVAGANGA,Nerkuppai,Town Panchayat,252855
TAMIL NADU,ERODE,Nerunjipettai,Town Panchayat,252532
TAMIL NADU,KANNIYAKUMARI,Neyyoor,Town Panchayat,253066
TAMIL NADU,DINDIGUL,Nilakkottai,Town Panchayat,252715
TAMIL NADU,COIMBATORE,No. 4 Veerapandi,Town Panchayat,260291
TAMIL NADU,THENI,Odaipatti,Town Panchayat,252914
TAMIL NADU,COIMBATORE,Odaiyakulam,Town Panchayat,252679
TAMIL NADU,DINDIGUL,Oddanchatram,Municipality,252695
TAMIL NADU,VELLORE,Odugathur,Town Panchayat,252389
TAMIL NADU,ERODE,Olagadam,Town Panchayat,252534
TAMIL NADU,SALEM,Omalur,Town Panchayat,252464
TAMIL NADU,THANJAVUR,Orathanadu,Town Panchayat,252837
TAMIL NADU,COIMBATORE,Othakalmandapam,Town Panchayat,252668
TAMIL NADU,THE NILGIRIS,O Valley,Town Panchayat,252597
TAMIL NADU,KANNIYAKUMARI,Pacode,Town Panchayat,253037
TAMIL NADU,NAMAKKAL,Padaiveedu,Town Panchayat,252500
TAMIL NADU,KANNIYAKUMARI,Padmanabhapuram,Municipality,253061
TAMIL NADU,DHARMAPURI,Palakkodu,Town Panchayat,252409
TAMIL NADU,MADURAI,Palamedu,Town Panchayat,252880
TAMIL NADU,DINDIGUL,Palani,Municipality,252692
TAMIL NADU,THENI,Palani Chettipatti,Town Panchayat,252906
TAMIL NADU,KANNIYAKUMARI,Palappallam,Town Panchayat,260292
TAMIL NADU,DINDIGUL,Palayam,Town Panchayat,252696
TAMIL NADU,TIRUPPUR,Palladam,Municipality,252636
TAMIL NADU,ERODE,Pallapalayam,Town Panchayat,252552
TAMIL NADU,COIMBATORE,Pallapalayam,Town Panchayat,252633
TAMIL NADU,KARUR,Pallapatti,Town Panchayat,252720
TAMIL NADU,SIVAGANGA,Pallathur,Town Panchayat,252859
TAMIL NADU,VELLORE,Pallikonda,Town Panchayat,252377
TAMIL NADU,NAMAKKAL,Pallipalayam,Municipality,252506
TAMIL NADU,THIRUVALLUR,Pallipattu,Town Panchayat,252270
TAMIL NADU,KANNIYAKUMARI,Palugal,Town Panchayat,253035
TAMIL NADU,TIRUNELVELI,Panagudi,Town Panchayat,253031
TAMIL NADU,SALEM,Panaimarathupatti,Town Panchayat,252481
TAMIL NADU,Ranipet,Panapakkam,Town Panchayat,252372
TAMIL NADU,NAMAKKAL,Pandamangalam,Town Panchayat,252525
TAMIL NADU,DINDIGUL,Pannaikadu,Town Panchayat,252712
TAMIL NADU,THENI,Pannaipuram,Town Panchayat,252911
TAMIL NADU,TENKASI,Panpoli,Town Panchayat,253004
TAMIL NADU,CUDDALORE,Panruti,Municipality,252770
TAMIL NADU,THANJAVUR,Papanasam,Town Panchayat,252826
TAMIL NADU,DHARMAPURI,Papparapatti,Town Panchayat,252484
TAMIL NADU,DHARMAPURI,Pappireddipatti,Town Panchayat,252416
TAMIL NADU,RAMANATHAPURAM,Paramakudi,Municipality,252952
TAMIL NADU,NAMAKKAL,Paramathi,Town Panchayat,252522
TAMIL NADU,CUDDALORE,Parangipettai,Town Panchayat,252777
TAMIL NADU,MADURAI,Paravai,Town Panchayat,252872
TAMIL NADU,ERODE,Pasur,Town Panchayat,252574
TAMIL NADU,TIRUNELVELI,Pathamadai,Town Panchayat,253020
TAMIL NADU,NAMAKKAL,Pattinam,Town Panchayat,252511
TAMIL NADU,DINDIGUL,Pattiveeranpatti,Town Panchayat,252717
TAMIL NADU,THANJAVUR,Pattukkottai,Municipality,252839
TAMIL NADU,CHENGALPATTU,Peerkankaranai,Town Panchayat,252326
TAMIL NADU,CUDDALORE,Pennadam,Town Panchayat,252790
TAMIL NADU,DHARMAPURI,Pennagaram,Town Panchayat,252419
TAMIL NADU,VELLORE,Pennathur,Town Panchayat,252388
TAMIL NADU,MADURAI,Peraiyur,Town Panchayat,252886
TAMIL NADU,THIRUVARUR,Peralam,Town Panchayat,252806
TAMIL NADU,PERAMBALUR,Perambalur,Municipality,252762
TAMIL NADU,TIRUVANNAMALAI,Peranamallur,Town Panchayat,252425
TAMIL NADU,THANJAVUR,Peravurani,Town Panchayat,252841
TAMIL NADU,ERODE,Periyakodiveri,Town Panchayat,252541
TAMIL NADU,THENI,Periyakulam,Municipality,252902
TAMIL NADU,COIMBATORE,Periyanaickenpalayam,Town Panchayat,252638
TAMIL NADU,COIMBATORE,Periya Negamam,Town Panchayat,252671
TAMIL NADU,VELLORE,Pernampattu,Municipality,252350
TAMIL NADU,THANJAVUR,Perumagalur,Town Panchayat,252842
TAMIL NADU,ERODE,Perundurai,Town Panchayat,252558
TAMIL NADU,CHENGALPATTU,Perungalathur,Town Panchayat,252325
TAMIL NADU,TUTICORIN,Perungulam,Town Panchayat,252974
TAMIL NADU,COIMBATORE,Perur,Town Panchayat,252661
TAMIL NADU,ERODE,Pethampalayam,Town Panchayat,252551
TAMIL NADU,SALEM,Pethanaickenpalayam,Town Panchayat,252490
TAMIL NADU,NAMAKKAL,Pillanallur,Town Panchayat,252515
TAMIL NADU,KARUR,P.J. Cholapuram,Town Panchayat,252730
TAMIL NADU,ERODE,P.Mettupalayam,Town Panchayat,252543
TAMIL NADU,SALEM,P.N.Patti,Town Panchayat,252458
TAMIL NADU,COIMBATORE,Pollachi,Municipality,252674
TAMIL NADU,TIRUVANNAMALAI,Polur,Town Panchayat,252429
TAMIL NADU,KANNIYAKUMARI,Ponmanai,Town Panchayat,253051
TAMIL NADU,PUDUKKOTTAI,Ponnamaravathi,Town Panchayat,252849
TAMIL NADU,TIRUCHIRAPPALLI,Ponnampatti,Town Panchayat,252758
TAMIL NADU,THIRUVALLUR,Ponneri,Town Panchayat,252264
TAMIL NADU,PERAMBALUR,Poolambadi,Town Panchayat,252759
TAMIL NADU,SALEM,Poolampatti,Town Panchayat,252467
TAMIL NADU,COIMBATORE,Pooluvapatti,Town Panchayat,252659
TAMIL NADU,THIRUVALLUR,Poonamallee,Municipality,252278
TAMIL NADU,TIRUCHIRAPPALLI,POOVALUR,Town Panchayat,260293
TAMIL NADU,NAMAKKAL,Pothanur,Town Panchayat,252524
TAMIL NADU,THIRUVALLUR,Pothatturpettai,Town Panchayat,252271
TAMIL NADU,PUDUKKOTTAI,Pudukkottai,Municipality,252848
TAMIL NADU,TIRUVANNAMALAI,Pudupalayam,Town Panchayat,252431
TAMIL NADU,THENI,Pudupatti,Town Panchayat,252917
TAMIL NADU,TENKASI,Pudur (S),Town Panchayat,253005
TAMIL NADU,SIVAGANGA,Puduvayal,Town Panchayat,252862
TAMIL NADU,TENKASI,PULIYANGUDI,Municipality,252990
TAMIL NADU,KARUR,Puliyur,Town Panchayat,252726
TAMIL NADU,TIRUCHIRAPPALLI,Pullampadi,Town Panchayat,252745
TAMIL NADU,KARUR,Punjaipugalur,Town Panchayat,252722
TAMIL NADU,ERODE,Punjaipuliampatti,Municipality,252531
TAMIL NADU,KARUR,Punjai Thottakurichi,Town Panchayat,252723
TAMIL NADU,KANNIYAKUMARI,Puthalam,Town Panchayat,253085
TAMIL NADU,KANNIYAKUMARI,Puthukkadai,Town Panchayat,253041
TAMIL NADU,VIRUDHUNAGAR,Rajapalayam,Municipality,252923
TAMIL NADU,RAMANATHAPURAM,Ramanathapuram,Municipality,252957
TAMIL NADU,RAMANATHAPURAM,Rameswaram,Municipality,290447
TAMIL NADU,Ranipet,RANIPET,Municipality,252364
TAMIL NADU,NAMAKKAL,Rasipuram,Municipality,252512
TAMIL NADU,TENKASI,Rayagiri,Town Panchayat,252988
TAMIL NADU,KANNIYAKUMARI,Reethapuram,Town Panchayat,253067
TAMIL NADU,NAMAKKAL,R.Pudupatti,Town Panchayat,252510
TAMIL NADU,RAMANATHAPURAM,R.S.Mangalam,Town Panchayat,252951
TAMIL NADU,TIRUPPUR,Rudravathi,Town Panchayat,252588
TAMIL NADU,ERODE,Salangapalayam,Town Panchayat,252540
TAMIL NADU,SALEM,Salem,Municipal Corporation,252474
TAMIL NADU,TIRUPPUR,Samalapuram,Town Panchayat,252630
TAMIL NADU,COIMBATORE,Samathur,Town Panchayat,252677
TAMIL NADU,TENKASI,Sambavar Vadagarai,Town Panchayat,252995
TAMIL NADU,TIRUPPUR,Sankaramanallur,Town Panchayat,252686
TAMIL NADU,TENKASI,Sankarankoil,Municipality,252992
TAMIL NADU,KALLAKURICHI,Sankarapuram,Town Panchayat,252448
TAMIL NADU,SALEM,Sankari,Town Panchayat,252473
TAMIL NADU,TIRUNELVELI,Sankarnagar,Town Panchayat,253009
TAMIL NADU,COIMBATORE,Sarcarsamakulam,Town Panchayat,252642
TAMIL NADU,TUTICORIN,Sathankulam,Town Panchayat,252986
TAMIL NADU,ERODE,Sathyamangalam,Municipality,252528
TAMIL NADU,VIRUDHUNAGAR,Sattur,Municipality,252948
TAMIL NADU,RAMANATHAPURAM,Sayalgudi,Town Panchayat,252956
TAMIL NADU,TUTICORIN,Sayapuram,Town Panchayat,252973
TAMIL NADU,NAMAKKAL,Seerapalli,Town Panchayat,252513
TAMIL NADU,VIRUDHUNAGAR,Seithur,Town Panchayat,252924
TAMIL NADU,NAMAKKAL,Senthamangalam,Town Panchayat,252517
TAMIL NADU,SALEM,Sentharapatti,Town Panchayat,252498
TAMIL NADU,CUDDALORE,Sethiathoppu,Town Panchayat,252778
TAMIL NADU,DINDIGUL,Sevugampatti,Town Panchayat,252716
TAMIL NADU,TENKASI,Shenkottai,Municipality,253006
TAMIL NADU,MADURAI,Sholavandan,Town Panchayat,252882
TAMIL NADU,Ranipet,Sholingur,Town Panchayat,252360
TAMIL NADU,THE NILGIRIS,Sholur,Town Panchayat,252598
TAMIL NADU,SIVAGANGA,Singampuneri,Town Panchayat,252856
TAMIL NADU,Mayiladuthurai,Sirkazhi,Municipality,252791
TAMIL NADU,TIRUCHIRAPPALLI,Sirugamani,Town Panchayat,252748
TAMIL NADU,COIMBATORE,Sirumugai,Town Panchayat,252611
TAMIL NADU,DINDIGUL,Sithayankottai,Town Panchayat,252710
TAMIL NADU,SIVAGANGA,Sivagangai,Municipality,252866
TAMIL NADU,ERODE,Sivagiri,Town Panchayat,252579
TAMIL NADU,TENKASI,Sivagiri,Town Panchayat,252987
TAMIL NADU,VIRUDHUNAGAR,Sivakasi,Municipal Corporation,252938
TAMIL NADU,TIRUCHIRAPPALLI,S. Kannanur,Town Panchayat,252742
TAMIL NADU,VIRUDHUNAGAR,S.Kodikulam,Town Panchayat,252928
TAMIL NADU,CUDDALORE,Srimushnam,Town Panchayat,252783
TAMIL NADU,KANCHIPURAM,Sriperumbudur,Town Panchayat,252299
TAMIL NADU,DINDIGUL,Sriramapuram,Town Panchayat,252704
TAMIL NADU,TUTICORIN,Srivaikuntam,Town Panchayat,252976
TAMIL NADU,VIRUDHUNAGAR,Srivilliputhur,Municipality,252932
TAMIL NADU,KANCHIPURAM,St Thomas Mount,Municipal Council,277301
TAMIL NADU,KANNIYAKUMARI,Suchindrum,Town Panchayat,253082
TAMIL NADU,COIMBATORE,Suleeswaranpatti,Town Panchayat,252676
TAMIL NADU,COIMBATORE,Sulur,Town Panchayat,252632
TAMIL NADU,VIRUDHUNAGAR,Sundarapandiam,Town Panchayat,252930
TAMIL NADU,TENKASI,Sundarapandiapuram,Town Panchayat,252998
TAMIL NADU,TENKASI,Surandai,Town Panchayat,252993
TAMIL NADU,THANJAVUR,Swamimalai,Town Panchayat,252822
TAMIL NADU,CHENGALPATTU,Tambaram,Municipal Corporation,252319
TAMIL NADU,TENKASI,Tenkasi,Municipality,252997
TAMIL NADU,DINDIGUL,Thadikombu,Town Panchayat,252703
TAMIL NADU,Ranipet,Thakkolam,Town Panchayat,252370
TAMIL NADU,NAGAPATTINAM,Thalainayar,Town Panchayat,252801
TAMIL NADU,THENI,Thamaraikulam,Town Panchayat,252901
TAMIL NADU,SALEM,Thammampatti,Town Panchayat,252497
TAMIL NADU,THANJAVUR,Thanjavur,Municipal Corporation,252833
TAMIL NADU,SALEM,Tharamangalam,Town Panchayat,252466
TAMIL NADU,Mayiladuthurai,Tharangambadi,Town Panchayat,252796
TAMIL NADU,TIRUCHIRAPPALLI,Thathaiyangarpet,Town Panchayat,252737
TAMIL NADU,KANNIYAKUMARI,Thazhakudy,Town Panchayat,253075
TAMIL NADU,SALEM,Thedavur,Town Panchayat,252495
TAMIL NADU,KANNIYAKUMARI,Thengampudur,Town Panchayat,253086
TAMIL NADU,THENI,Theni,Municipality,252905
TAMIL NADU,COIMBATORE,Thenkarai,Town Panchayat,252660
TAMIL NADU,THENI,Thenkarai,Town Panchayat,252903
TAMIL NADU,KANNIYAKUMARI,Thenthamaraikulam,Town Panchayat,253087
TAMIL NADU,TUTICORIN,Thenthiruperai,Town Panchayat,252978
TAMIL NADU,KANNIYAKUMARI,Therur,Town Panchayat,253077
TAMIL NADU,THENI,Thevaram,Town Panchayat,252908
TAMIL NADU,SALEM,Thevur,Town Panchayat,252472
TAMIL NADU,KALLAKURICHI,Thiagadurgam,Town Panchayat,252450
TAMIL NADU,KANNIYAKUMARI,Thingalnagar,Town Panchayat,253071
TAMIL NADU,KANNIYAKUMARI,Thirparappu,Town Panchayat,253048
TAMIL NADU,TIRUNELVELI,Thirukarungudi,Town Panchayat,253027
TAMIL NADU,THANJAVUR,Thirukkattupalli,Town Panchayat,252831
TAMIL NADU,COIMBATORE,Thirumalayampalayam,Town Panchayat,252667
TAMIL NADU,MADURAI,Thirumangalam,Municipality,252888
TAMIL NADU,THIRUVALLUR,Thirumazhisai,Town Panchayat,252279
TAMIL NADU,TIRUPPUR,Thirumuruganpoondi,Town Panchayat,252616
TAMIL NADU,THANJAVUR,Thirunageswaram,Town Panchayat,252824
TAMIL NADU,CHENGALPATTU,Thiruneermalai,Town Panchayat,252318
TAMIL NADU,THIRUVALLUR,Thirunindravur,Town Panchayat,252275
TAMIL NADU,Tirupathur,Thirupathur,Municipality,252398
TAMIL NADU,CHENGALPATTU,Thiruporur,Town Panchayat,252332
TAMIL NADU,THANJAVUR,Thiruppanandal,Town Panchayat,252814
TAMIL NADU,THANJAVUR,Thirupuvanam,Town Panchayat,252816
TAMIL NADU,SIVAGANGA,Thirupuvanam,Town Panchayat,252867
TAMIL NADU,THIRUVARUR,Thiruthuraipoondi,Municipality,252812
TAMIL NADU,THANJAVUR,Thiruvaiyaru,Town Panchayat,252830
TAMIL NADU,VELLORE,Thiruvalam,Town Panchayat,252359
TAMIL NADU,TIRUVANNAMALAI,Thiruvannamalai,Municipality,252434
TAMIL NADU,TIRUVANNAMALAI,THIRUVATHIPURAM,Municipality,252424
TAMIL NADU,KANNIYAKUMARI,Thiruvattar,Town Panchayat,253049
TAMIL NADU,TENKASI,Thiruvenkadam,Town Panchayat,252991
TAMIL NADU,VILLUPURAM,Thiruvennainallur,Town Panchayat,252447
TAMIL NADU,THANJAVUR,Thiruvidaimarudur,Town Panchayat,252817
TAMIL NADU,KANNIYAKUMARI,Thiruvithancode,Town Panchayat,253059
TAMIL NADU,TIRUNELVELI,Thisayanvilai,Town Panchayat,253030
TAMIL NADU,NAGAPATTINAM,Thittacheri,Town Panchayat,252797
TAMIL NADU,COIMBATORE,Thondamuthur,Town Panchayat,252657
TAMIL NADU,RAMANATHAPURAM,Thondi,Town Panchayat,252950
TAMIL NADU,TUTICORIN,Thoothukudi,Municipal Corporation,252970
TAMIL NADU,CUDDALORE,Thorapadi,Town Panchayat,252771
TAMIL NADU,TIRUCHIRAPPALLI,Thottiyam,Town Panchayat,252734
TAMIL NADU,TIRUCHIRAPPALLI,Thuraiyur,Municipality,252741
TAMIL NADU,TIRUCHIRAPPALLI,Thuvakudi,Municipality,252754
TAMIL NADU,Ranipet,Timiri,Town Panchayat,252375
TAMIL NADU,VILLUPURAM,Tindivanam,Municipality,252438
TAMIL NADU,TUTICORIN,Tiruchendur,Town Panchayat,252984
TAMIL NADU,NAMAKKAL,Tiruchengode,Municipality,252502
TAMIL NADU,TIRUCHIRAPPALLI,Tiruchirappalli,Municipal Corporation,252749
TAMIL NADU,CHENGALPATTU,Tirukalukundram,Town Panchayat,252343
TAMIL NADU,KALLAKURICHI,Tirukkoyilur,Town Panchayat,252446
TAMIL NADU,TIRUNELVELI,Tirunelveli,Municipal Corporation,253011
TAMIL NADU,SIVAGANGA,Tirupathur,Town Panchayat,252857
TAMIL NADU,TIRUPPUR,Tiruppur,Municipal Corporation,252621
TAMIL NADU,THIRUVALLUR,Tiruttani,Municipality,252269
TAMIL NADU,THIRUVALLUR,Tiruvallur,Municipality,252273
TAMIL NADU,THIRUVARUR,Tiruvarur,Municipality,252808
TAMIL NADU,THIRUVALLUR,Tiruverkadu,Municipality,252277
TAMIL NADU,CUDDALORE,Tittakudi,Town Panchayat,252789
TAMIL NADU,MADURAI,T.Kallupatti,Town Panchayat,252887
TAMIL NADU,KARUR,TNPL Pugalur,Town Panchayat,252721
TAMIL NADU,TUTICORIN,Udangudi,Town Panchayat,252985
TAMIL NADU,Ariyalur,Udayarpalayam,Town Panchayat,252766
TAMIL NADU,THE NILGIRIS,Udhagamandalam,Municipality,252600
TAMIL NADU,TIRUPPUR,UDUMALAIPET,Municipality,252683
TAMIL NADU,KALLAKURICHI,Ulundurpettai,Town Panchayat,252453
TAMIL NADU,ERODE,Unjalur,Town Panchayat,252581
TAMIL NADU,KANNIYAKUMARI,Unnamalaikadai,Town Panchayat,253039
TAMIL NADU,KARUR,Uppidamangalam,Town Panchayat,252727
TAMIL NADU,TIRUCHIRAPPALLI,Uppiliapuram,Town Panchayat,252739
TAMIL NADU,MADURAI,Usilampatti,Municipality,252884
TAMIL NADU,THENI,Uthamapalayam,Town Panchayat,252915
TAMIL NADU,KRISHNAGIRI,Uthangarai,Town Panchayat,252411
TAMIL NADU,Tirupathur,Uthayendram,Town Panchayat,252392
TAMIL NADU,KANCHIPURAM,Uthiramerur,Town Panchayat,252342
TAMIL NADU,THIRUVALLUR,Uthukkottai,Town Panchayat,252268
TAMIL NADU,TIRUPPUR,Uthukuli,Town Panchayat,252560
TAMIL NADU,TENKASI,Vadakarai Keezhpadugai,Town Panchayat,253003
TAMIL NADU,KALLAKURICHI,Vadakkanandal,Town Panchayat,252449
TAMIL NADU,TIRUNELVELI,Vadakkuvalliyur,Town Panchayat,253029
TAMIL NADU,CUDDALORE,Vadalur,Town Panchayat,252776
TAMIL NADU,DINDIGUL,Vadamadurai,Town Panchayat,252700
TAMIL NADU,MADURAI,Vadipatti,Town Panchayat,252881
TAMIL NADU,THENI,Vadugapatti,Town Panchayat,252576
TAMIL NADU,ERODE,Vadugapatti,Town Panchayat,252904
TAMIL NADU,Mayiladuthurai,Vaitheeswarankoil,Town Panchayat,252792
TAMIL NADU,THIRUVARUR,Valangaiman,Town Panchayat,252803
TAMIL NADU,VILLUPURAM,Valavanur,Town Panchayat,252443
TAMIL NADU,THANJAVUR,Vallam,Town Panchayat,252836
TAMIL NADU,COIMBATORE,Valparai,Municipality,252689
TAMIL NADU,KANNIYAKUMARI,Valvaithankoshtam,Town Panchayat,253056
TAMIL NADU,SALEM,Vanavasi,Town Panchayat,252460
TAMIL NADU,TIRUVANNAMALAI,Vandavasi,Municipality,252426
TAMIL NADU,ERODE,Vaniputhur,Town Panchayat,252542
TAMIL NADU,Tirupathur,Vaniyambadi,Municipality,252394
TAMIL NADU,Ariyalur,Varadarajanpettai,Town Panchayat,252764
TAMIL NADU,TENKASI,Vasudevanallur,Town Panchayat,252989
TAMIL NADU,SALEM,Vazhapadi,Town Panchayat,252488
TAMIL NADU,COIMBATORE,Vedapatti,Town Panchayat,252655
TAMIL NADU,NAGAPATTINAM,Vedaranyam,Municipality,252802
TAMIL NADU,DINDIGUL,Vedasandur,Town Panchayat,252697
TAMIL NADU,SALEM,Veeraganur,Town Panchayat,252494
TAMIL NADU,SALEM,Veerakkalpudur,Town Panchayat,252456
TAMIL NADU,THENI,Veerapandi,Town Panchayat,252626
TAMIL NADU,TIRUNELVELI,Veeravanallur,Town Panchayat,253018
TAMIL NADU,NAGAPATTINAM,Velankanni,Town Panchayat,252800
TAMIL NADU,TIRUPPUR,Vellakoil,Municipality,252587
TAMIL NADU,COIMBATORE,Vellalur,Town Panchayat,252664
TAMIL NADU,KANNIYAKUMARI,Vellimalai,Town Panchayat,253072
TAMIL NADU,VELLORE,Vellore,Municipal Corporation,252381
TAMIL NADU,ERODE,Vellottamparappu,Town Panchayat,252578
TAMIL NADU,NAMAKKAL,Velur,Town Panchayat,252523
TAMIL NADU,ERODE,Vengampudur,Town Panchayat,252582
TAMIL NADU,NAMAKKAL,Venkarai,Town Panchayat,252526
TAMIL NADU,NAMAKKAL,Vennanthur,Town Panchayat,252508
TAMIL NADU,THANJAVUR,Veppathur,Town Panchayat,252815
TAMIL NADU,KANNIYAKUMARI,Verkilambi,Town Panchayat,253054
TAMIL NADU,COIMBATORE,Vettaikaranpudur,Town Panchayat,252680
TAMIL NADU,TIRUVANNAMALAI,Vettavalam,Town Panchayat,252435
TAMIL NADU,TIRUNELVELI,Vikramasingapuram,Municipality,253015
TAMIL NADU,VILLUPURAM,Vikravandi,Town Panchayat,252441
TAMIL NADU,Ranipet,Vilapakkam,Town Panchayat,252374
TAMIL NADU,TUTICORIN,Vilathikulam,Town Panchayat,252968
TAMIL NADU,KANNIYAKUMARI,Vilavur,Town Panchayat,253060
TAMIL NADU,KANNIYAKUMARI,Villukuri,Town Panchayat,253062
TAMIL NADU,VILLUPURAM,VILLUPURAM,Municipality,252442
TAMIL NADU,CUDDALORE,Virudhachalam,Municipality,252787
TAMIL NADU,VIRUDHUNAGAR,Virudhunagar,Municipality,252943
TAMIL NADU,TUTICORIN,V. Pudur,Town Panchayat,252967
TAMIL NADU,KANCHIPURAM,Walajabad,Town Panchayat,252341
TAMIL NADU,Ranipet,Walajapettai,Municipality,252365
TAMIL NADU,VIRUDHUNAGAR,Watrap,Town Panchayat,260677
TAMIL NADU,THE NILGIRIS,Wellington,Municipal Council,277302
TAMIL NADU,VIRUDHUNAGAR,W.Pudhupatti,Town Panchayat,260678
TAMIL NADU,COIMBATORE,Zamin Uthukuli,Town Panchayat,252673
TELANGANA,NAGARKURNOOL,ACHAMPET,Municipality,263214
TELANGANA,RANGA REDDY,Adibatla,Municipality,290099
TELANGANA,ADILABAD,Adilabad,Municipality,248083
TELANGANA,YADADRI BHUVANAGIRI,Alair,Municipality,290144
TELANGANA,JOGULAMBA GADWAL,Alampur,Municipality,290062
TELANGANA,RANGA REDDY,Amangal,Municipality,290104
TELANGANA,WANAPARTHY,Amarchinta,Municipality,290142
TELANGANA,SANGAREDDY,Ameenpur,Municipality,290153
TELANGANA,SANGAREDDY,Andole Jogipet,Municipality,260558
TELANGANA,NIZAMABAD,ARMOOR,Municipality,248090
TELANGANA,WANAPARTHY,Atmakur,Municipality,290140
TELANGANA,RANGA REDDY,Badangpet,Municipal Corporation,257865
TELANGANA,RANGA REDDY,Bandlaguda Jagir,Municipal Corporation,290098
TELANGANA,KAMAREDDY,Banswada,Municipality,290201
TELANGANA,MANCHERIAL,Bellampalli,Municipality,248084
TELANGANA,Nirmal,Bhainsa,Municipality,248085
TELANGANA,NIZAMABAD,Bheemgal,Municipality,290093
TELANGANA,YADADRI BHUVANAGIRI,Bhongir,Municipality,251682
TELANGANA,MAHABUBNAGAR,Bhootpur,Municipality,290073
TELANGANA,JAYASHANKAR BHUPALAPALLY,Bhupalpalle,Municipality,253291
TELANGANA,NIZAMABAD,BODHAN,Municipality,248092
TELANGANA,MEDCHAL MALKAJGIRI,Boduppal,Municipal Corporation,276412
TELANGANA,SANGAREDDY,Bollaram,Municipality,290151
TELANGANA,NALGONDA,Chandur,Municipality,290091
TELANGANA,MANCHERIAL,Chennur,Municipality,290075
TELANGANA,SIDDIPET,Cherial,Municipality,290132
TELANGANA,NALGONDA,Chityal,Municipality,290089
TELANGANA,KARIMNAGAR,Choppandandi,Municipality,290063
TELANGANA,YADADRI BHUVANAGIRI,Choutuppal,Municipality,290143
TELANGANA,MEDCHAL MALKAJGIRI,Dammaiguda,Municipality,290081
TELANGANA,NALGONDA,Devarakonda,Municipality,251686
TELANGANA,Jagitial,Dharmapuri,Municipality,290061
TELANGANA,MAHABUBABAD,Dornakal,Municipality,290069
TELANGANA,SIDDIPET,DUBBAK,Municipality,260709
TELANGANA,MEDCHAL MALKAJGIRI,Dundigal,Municipality,290154
TELANGANA,JOGULAMBA GADWAL,GADWAL,Municipality,248103
TELANGANA,SIDDIPET,Gajwel,Municipality,254930
TELANGANA,MEDCHAL MALKAJGIRI,Ghatkesar,Municipality,290084
TELANGANA,MEDCHAL MALKAJGIRI,Gundlapochampally,Municipality,290085
TELANGANA,NALGONDA,Haliya,Municipality,290090
TELANGANA,SIDDIPET,Husnabad,Municipality,253267
TELANGANA,KARIMNAGAR,Huzurabad,Municipality,253265
TELANGANA,SURYAPET,Huzurnagar,Municipality,253257
TELANGANA,MEDCHAL MALKAJGIRI,Hyderabad,Municipal Corporation,251664
TELANGANA,RANGA REDDY,IBRAHIMPATNAM,Municipality,258044
TELANGANA,JOGULAMBA GADWAL,IEEJA,Municipality,257993
TELANGANA,MAHABUBNAGAR,jadcherla,Municipality,263216
TELANGANA,Jagitial,Jagtial,Municipality,251651
TELANGANA,RANGA REDDY,Jalapally,Municipality,276409
TELANGANA,KARIMNAGAR,Jammikunta,Municipality,253266
TELANGANA,JANGOAN,Jangaon,Municipality,251690
TELANGANA,MEDCHAL MALKAJGIRI,Jawaharnagar,Municipal Corporation,290148
TELANGANA,KUMURAM BHEEM ASIFABAD,Kagaz Nagar,Municipality,248086
TELANGANA,NAGARKURNOOL,KALWAKURTHY,Municipality,258029
TELANGANA,KAMAREDDY,KAMAREDDY,Municipality,248093
TELANGANA,KARIMNAGAR,Karimnagar,Municipal Corporation,251653
TELANGANA,KHAMMAM,KHAMMAM,Municipal Corporation,248105
TELANGANA,Nirmal,Khanapur,Municipality,290092
TELANGANA,SURYAPET,Kodad,Municipality,253255
TELANGANA,VIKARABAD,Kodangal,Municipality,290136
TELANGANA,NAGARKURNOOL,KOLLAPUR,Municipality,257989
TELANGANA,MEDCHAL MALKAJGIRI,Kompally,Municipality,290088
TELANGANA,Jagitial,Korutla,Municipality,251652
TELANGANA,Narayanpet,Kosgi,Municipality,290074
TELANGANA,BHADRADRI KOTHAGUDEM,KOTHAGUDEM,Municipality,248109
TELANGANA,WANAPARTHY,Kothakota,Municipality,290138
TELANGANA,KARIMNAGAR,Kothapally,Municipality,290064
TELANGANA,RANGA REDDY,Kothur,Municipality,297017
TELANGANA,MANCHERIAL,Kyathanpally,Municipality,290076
TELANGANA,MANCHERIAL,Luxettipet,Municipality,290077
TELANGANA,KHAMMAM,MADHIRA,Municipality,257876
TELANGANA,MAHABUBABAD,MAHABUBABAD,Municipality,257971
TELANGANA,MAHABUBNAGAR,MAHABUBNAGAR,Municipality,248101
TELANGANA,Narayanpet,Makthal,Municipality,290072
TELANGANA,MANCHERIAL,Mancherial,Municipality,248087
TELANGANA,MANCHERIAL,Mandamarri,Municipality,248088
TELANGANA,RANGA REDDY,Manikonda,Municipality,290096
TELANGANA,PEDDAPALLI,Manthani,Municipality,290094
TELANGANA,BHADRADRI KOTHAGUDEM,MANUGUR,Municipality,248107
TELANGANA,MAHABUBABAD,Maripeda,Municipality,290070
TELANGANA,MEDAK,Medak,Municipality,248095
TELANGANA,MEDCHAL MALKAJGIRI,Medchal,Municipality,263222
TELANGANA,RANGA REDDY,Meerpet,Municipal Corporation,276410
TELANGANA,Jagitial,Metpalli,Municipality,253104
TELANGANA,NALGONDA,Miryalaguda,Municipality,251689
TELANGANA,YADADRI BHUVANAGIRI,Mothkur,Municipality,290141
TELANGANA,MEDCHAL MALKAJGIRI,Nagaram,Municipality,290082
TELANGANA,NAGARKURNOOL,Nagarkurnool,Municipality,251680
TELANGANA,NALGONDA,Nakrekal,Municipality,297095
TELANGANA,NALGONDA,Nalgonda,Municipality,251685
TELANGANA,,Nandikonda,Municipality,294879
TELANGANA,SANGAREDDY,Narayankhed,Municipality,290131
TELANGANA,Narayanpet,NARAYANPET,Municipality,248102
TELANGANA,WARANGAL,Narsampet,Municipality,253275
TELANGANA,MEDAK,Narsapur,Municipality,290080
TELANGANA,RANGA REDDY,Narsingi,Municipality,290097
TELANGANA,MANCHERIAL,Naspur,Municipality,290147
TELANGANA,SURYAPET,Nereducharla,Municipality,290133
TELANGANA,Nirmal,Nirmal,Municipality,248089
TELANGANA,NIZAMABAD,NIZAMABAD,Municipal Corporation,248091
TELANGANA,MEDCHAL MALKAJGIRI,Nizampet,Municipal Corporation,290087
TELANGANA,BHADRADRI KOTHAGUDEM,PALWANCHA,Municipality,248110
TELANGANA,VIKARABAD,Parigi,Municipality,290135
TELANGANA,HANUMAKONDA,PARKAL,Municipality,257970
TELANGANA,WANAPARTHY,Pebbair,Municipality,290139
TELANGANA,RANGA REDDY,Pedda Amberpet,Municipality,257864
TELANGANA,PEDDAPALLI,Peddapalli,Municipality,253268
TELANGANA,MEDCHAL MALKAJGIRI,Perrzadiguda,Municipal Corporation,276411
TELANGANA,YADADRI BHUVANAGIRI,Pochamapally,Municipality,290145
TELANGANA,MEDCHAL MALKAJGIRI,Pocharam,Municipality,290083
TELANGANA,Jagitial,Raikal,Municipality,289549
TELANGANA,PEDDAPALLI,Ramagundam,Municipal Corporation,251648
TELANGANA,MEDAK,Ramayampet,Municipality,290078
TELANGANA,SANGAREDDY,Sadasivpet,Municipality,248098
TELANGANA,SANGAREDDY,Sangareddy,Municipality,248094
TELANGANA,KHAMMAM,SATHUPALLY,Municipality,248108
TELANGANA,HYDERABAD,Secundarabad,Municipal Council,277300
TELANGANA,RANGA REDDY,SHADNAGAR,Municipality,254925
TELANGANA,RANGA REDDY,Shamshabad,Municipality,290149
TELANGANA,RANGA REDDY,Shankarpally,Municipality,290100
TELANGANA,SIDDIPET,Siddipet,Municipality,248096
TELANGANA,RAJANNA SIRCILLA,Sircilla,Municipality,251654
TELANGANA,PEDDAPALLI,Sulthanabad,Municipality,290095
TELANGANA,SURYAPET,Suryapet,Municipality,251684
TELANGANA,VIKARABAD,TANDUR,Municipality,248099
TELANGANA,SANGAREDDY,Tellapur,Municipality,290152
TELANGANA,SURYAPET,Thirumalagiri,Municipality,290134
TELANGANA,MAHABUBABAD,Thorrur,Municipality,290071
TELANGANA,RANGA REDDY,Thukkuguda,Municipality,290102
TELANGANA,MEDCHAL MALKAJGIRI,Thumkunta,Municipality,290086
TELANGANA,MEDAK,Toopran,Municipality,290079
TELANGANA,RANGA REDDY,Turkayamjal,Municipality,290150
TELANGANA,RAJANNA SIRCILLA,Vemulawada,Municipality,253269
TELANGANA,VIKARABAD,VIKARABAD,Municipality,248100
TELANGANA,JOGULAMBA GADWAL,Waddepalle,Municipality,290060
TELANGANA,WANAPARTHY,WANAPARTHY,Municipality,248104
TELANGANA,HANUMAKONDA,Warangal,Municipal Corporation,251691
TELANGANA,WARANGAL,Wardhannapet,Municipality,290137
TELANGANA,KHAMMAM,Wyra,Municipality,290068
TELANGANA,YADADRI BHUVANAGIRI,Yadagirigutta,Municipality,290146
TELANGANA,BHADRADRI KOTHAGUDEM,YELLANDU,Municipality,248106
TELANGANA,KAMAREDDY,Yellareddy,Municipality,290067
TELANGANA,SANGAREDDY,Zaheerabad,Municipality,248097
THE DADRA AND NAGAR HAVELI AND DAMAN AND DIU,DAMAN,Daman,Municipality,251272
THE DADRA AND NAGAR HAVELI AND DAMAN AND DIU,DIU,Diu,Municipality,251271
THE DADRA AND NAGAR HAVELI AND DAMAN AND DIU,DADRA AND NAGAR HAVELI,Silvassa,Municipality,251273
TRIPURA,West Tripura,Agartala Municipal Corporation,Municipal Corporation,249785
TRIPURA,Gomati,Amarpur Nagar Panchayat,Town Panchayat,249797
TRIPURA,Dhalai,Ambassa Municipal Council,Municipality,249802
TRIPURA,South Tripura,Belonia Municipal Council,Municipality,249798
TRIPURA,Sepahijala,Bishalgarh Municipal Council,Municipality,261690
TRIPURA,North Tripura,Dharmanagar Municipal Council,Municipality,249803
TRIPURA,West Tripura,Jirania Nagar Panchayat,Town Panchayat,261687
TRIPURA,Unakoti,Kailashahar Municipal Council,Municipality,249804
TRIPURA,Dhalai,Kamalpur Nagar Panchayat,Town Panchayat,273718
TRIPURA,Khowai,Khowai Municipal Council,Municipality,249783
TRIPURA,Unakoti,Kumarghat Municipal Council,Municipality,249805
TRIPURA,Sepahijala,Melaghar Municipal Council,Municipality,261691
TRIPURA,West Tripura,Mohanpur Municipal Council,Municipality,261692
TRIPURA,North Tripura,Panisagar Nagar Panchayat,Town Panchayat,261688
TRIPURA,West Tripura,Ranirbazar Municipal Council,Municipality,249786
TRIPURA,South Tripura,Sabroom Nagar Panchayat,Town Panchayat,249799
TRIPURA,South Tripura,Santirbazar Municipal Council,Municipality,261689
TRIPURA,Sepahijala,Sonamura Nagar Panchayat,Town Panchayat,249787
TRIPURA,Khowai,Teliamura Municipal Council,Municipality,249784
TRIPURA,Gomati,Udaipur Municipal Council,Municipality,249796
UTTARAKHAND,RUDRA PRAYAG,Agastmuni,Town Panchayat,262902
UTTARAKHAND,ALMORA,Almora,Municipality,248449
UTTARAKHAND,ALMORA,Almora,Municipal Council,277257
UTTARAKHAND,CHAMOLI,Badrinathpuri,Town Panchayat,248412
UTTARAKHAND,BAGESHWAR,Bageshwar,Municipality,248447
UTTARAKHAND,CHAMPAWAT,Banbasaa,Town Panchayat,262922
UTTARAKHAND,UTTAR KASHI,Barkot,Municipality,248409
UTTARAKHAND,UDAM SINGH NAGAR,Bazpur,Municipality,248467
UTTARAKHAND,HARIDWAR,Bhagwanpur,Town Panchayat,262847
UTTARAKHAND,ALMORA,Bhikiyasain,Town Panchayat,274457
UTTARAKHAND,NAINITAL,Bhimtal,Town Panchayat,248456
UTTARAKHAND,NAINITAL,Bhowali,Municipality,248455
UTTARAKHAND,DEHRADUN,Chakram,Municipal Council,277259
UTTARAKHAND,TEHRI GARHWAL,Chamba,Municipality,248423
UTTARAKHAND,TEHRI GARHWAL,CHAMIYALA,Town Panchayat,277163
UTTARAKHAND,CHAMOLI,Chamoli Gopeshwar,Municipality,248414
UTTARAKHAND,CHAMPAWAT,Champawat,Municipality,248451
UTTARAKHAND,ALMORA,Chawkhutiya,Town Panchayat,297128
UTTARAKHAND,UTTAR KASHI,Chinyalisaur,Municipality,262842
UTTARAKHAND,DEHRADUN,Clement Town,Municipal Council,277260
UTTARAKHAND,HARIDWAR,DANDERA,Town Panchayat,299524
UTTARAKHAND,DEHRADUN,Dehradun,Municipal Corporation,248430
UTTARAKHAND,DEHRADUN,Dehradun,Municipal Council,277262
UTTARAKHAND,TEHRI GARHWAL,Devaprayag,Municipality,248421
UTTARAKHAND,PITHORAGARH,Dharchula,Municipality,248444
UTTARAKHAND,PITHORAGARH,Didihat,Municipality,248445
UTTARAKHAND,UDAM SINGH NAGAR,Dineshpur,Town Panchayat,248470
UTTARAKHAND,PAURI GARHWAL,Dogadda,Municipality,248440
UTTARAKHAND,DEHRADUN,Doiwala,Municipality,248433
UTTARAKHAND,ALMORA,Dugalkhola,Municipality,293913
UTTARAKHAND,ALMORA,Dwarahat,Town Panchayat,248448
UTTARAKHAND,UDAM SINGH NAGAR,Gadarpur,Municipality,248469
UTTARAKHAND,CHAMOLI,Gairsain,Town Panchayat,260112
UTTARAKHAND,TEHRI GARHWAL,GAJA,Town Panchayat,277164
UTTARAKHAND,PITHORAGARH,Gangolihat,Town Panchayat,262883
UTTARAKHAND,UTTAR KASHI,Gangotri,Town Panchayat,248411
UTTARAKHAND,BAGESHWAR,GARUD,Town Panchayat,299525
UTTARAKHAND,TEHRI GARHWAL,Ghansali,Town Panchayat,262832
UTTARAKHAND,CHAMOLI,Gochar,Municipality,248416
UTTARAKHAND,UDAM SINGH NAGAR,GULARBOJ,Town Panchayat,277162
UTTARAKHAND,NAINITAL,Haldwani Kathgodam,Municipal Corporation,248459
UTTARAKHAND,HARIDWAR,Hardwar,Municipal Corporation,248485
UTTARAKHAND,DEHRADUN,Herbertpur,Municipality,248428
UTTARAKHAND,HARIDWAR,IMLIKHEDA,Town Panchayat,299526
UTTARAKHAND,UDAM SINGH NAGAR,Jaspur,Municipality,248462
UTTARAKHAND,HARIDWAR,Jhabrera,Town Panchayat,248481
UTTARAKHAND,CHAMOLI,Joshimath,Municipality,248413
UTTARAKHAND,NAINITAL,Kaladhungi,Town Panchayat,248458
UTTARAKHAND,BAGESHWAR,KAPKOT,Town Panchayat,259921
UTTARAKHAND,CHAMOLI,Karnaprayag,Municipality,248417
UTTARAKHAND,UDAM SINGH NAGAR,Kashipur,Municipal Corporation,248463
UTTARAKHAND,RUDRA PRAYAG,Kedarnath,Town Panchayat,248418
UTTARAKHAND,UDAM SINGH NAGAR,Kela Khera,Town Panchayat,248468
UTTARAKHAND,UDAM SINGH NAGAR,Khatima,Municipality,248477
UTTARAKHAND,UDAM SINGH NAGAR,Kichha,Municipality,248474
UTTARAKHAND,TEHRI GARHWAL,Kirtinagar,Town Panchayat,248420
UTTARAKHAND,PAURI GARHWAL,Kotdwara,Municipal Corporation,248441
UTTARAKHAND,HARIDWAR,Laksar,Municipality,248486
UTTARAKHAND,NAINITAL,Lalkuan,Town Panchayat,248460
UTTARAKHAND,UDAM SINGH NAGAR,LALPUR,Town Panchayat,299527
UTTARAKHAND,TEHRI GARHWAL,LAMBGAON,Town Panchayat,277183
UTTARAKHAND,HARIDWAR,Landhaura,Town Panchayat,248483
UTTARAKHAND,DEHRADUN,Landour,Municipal Council,277267
UTTARAKHAND,PAURI GARHWAL,Lansdowna,Municipal Council,277268
UTTARAKHAND,CHAMPAWAT,Lohaghat,Town Panchayat,248450
UTTARAKHAND,UDAM SINGH NAGAR,Mahua Dabra Haripura,Town Panchayat,248461
UTTARAKHAND,UDAM SINGH NAGAR,Mahua Kheraganj,Municipality,248465
UTTARAKHAND,HARIDWAR,Manglaur,Municipality,248482
UTTARAKHAND,TEHRI GARHWAL,MuniKiReti-Dhalwala,Municipality,248426
UTTARAKHAND,DEHRADUN,Mussoorie,Municipality,248429
UTTARAKHAND,PITHORAGARH,nagar panchayat berinag,Town Panchayat,259826
UTTARAKHAND,UDAM SINGH NAGAR,NAGLA,Town Panchayat,299528
UTTARAKHAND,NAINITAL,Nainital,Municipality,248454
UTTARAKHAND,NAINITAL,Nainital,Municipal Council,277273
UTTARAKHAND,UDAM SINGH NAGAR,Nanakmatta,Town Panchayat,275661
UTTARAKHAND,CHAMOLI,Nandprayag,Town Panchayat,248415
UTTARAKHAND,TEHRI GARHWAL,Narendranagar,Municipality,248424
UTTARAKHAND,UTTAR KASHI,NAUGAON,Town Panchayat,274461
UTTARAKHAND,PAURI GARHWAL,Pauri,Municipality,248438
UTTARAKHAND,CHAMOLI,PIPALKOTI,Town Panchayat,276459
UTTARAKHAND,HARIDWAR,Piran Kaliyar,Town Panchayat,275670
UTTARAKHAND,PITHORAGARH,Pithoragarh,Municipality,248446
UTTARAKHAND,CHAMOLI,POKHRI,Town Panchayat,259820
UTTARAKHAND,UTTAR KASHI,Purola,Town Panchayat,262841
UTTARAKHAND,NAINITAL,Ramnagar,Municipality,248457
UTTARAKHAND,HARIDWAR,RAMPUR,Town Panchayat,299529
UTTARAKHAND,ALMORA,Ranikhet,Municipal Council,277275
UTTARAKHAND,ALMORA,Ranikhet Chiliyanaula,Municipality,277190
UTTARAKHAND,DEHRADUN,Rishikesh,Municipal Corporation,248434
UTTARAKHAND,HARIDWAR,Roorkee,Municipal Corporation,248478
UTTARAKHAND,HARIDWAR,Roorkee,Municipal Council,277276
UTTARAKHAND,RUDRA PRAYAG,Rudraprayag,Municipality,248419
UTTARAKHAND,UDAM SINGH NAGAR,Rudrapur,Municipal Corporation,248471
UTTARAKHAND,PAURI GARHWAL,Satpuli,Town Panchayat,262882
UTTARAKHAND,DEHRADUN,Selaqui(Central Hope Town),Town Panchayat,275633
UTTARAKHAND,UDAM SINGH NAGAR,Shaktigarh,Town Panchayat,248475
UTTARAKHAND,HARIDWAR,Shivalik Nagar,Municipality,262858
UTTARAKHAND,UDAM SINGH NAGAR,SIROLIKALA,Town Panchayat,299530
UTTARAKHAND,UDAM SINGH NAGAR,Sitarganj,Municipality,248476
UTTARAKHAND,PAURI GARHWAL,Srinagar,Municipality,248437
UTTARAKHAND,UDAM SINGH NAGAR,Sultanpur,Town Panchayat,248466
UTTARAKHAND,PAURI GARHWAL,Swargashram Jonk,Town Panchayat,262843
UTTARAKHAND,CHAMPAWAT,Tanakpur,Municipality,248452
UTTARAKHAND,TEHRI GARHWAL,TAPOVAN,Town Panchayat,299531
UTTARAKHAND,TEHRI GARHWAL,Tehri,Municipality,248422
UTTARAKHAND,PAURI GARHWAL,THALISAND,Town Panchayat,299532
UTTARAKHAND,CHAMOLI,Tharali,Town Panchayat,275665
UTTARAKHAND,RUDRA PRAYAG,TILWARA,Town Panchayat,276616
UTTARAKHAND,RUDRA PRAYAG,Ukhimath,Town Panchayat,262901
UTTARAKHAND,UTTAR KASHI,Uttarkashi,Municipality,248410
UTTARAKHAND,DEHRADUN,Vikasnagar,Municipality,248427
UTTAR PRADESH,UNNAO,Achal Ganj,Town Panchayat,297922
UTTAR PRADESH,AURAIYA,Achhalda,Town Panchayat,249268
UTTAR PRADESH,AGRA,Achhnera,Municipality,249066
UTTAR PRADESH,MAU,Adari,Town Panchayat,249487
UTTAR PRADESH,BIJNOR,Afzalgarh,Municipality,248917
UTTAR PRADESH,BAGHPAT,Agarwal Mandi,Town Panchayat,248974
UTTAR PRADESH,MEERUT,agawanpur,Town Panchayat,297071
UTTAR PRADESH,AGRA,Agra,Municipal Corporation,249062
UTTAR PRADESH,AGRA,AGRA,Municipal Council,277255
UTTAR PRADESH,MIRZAPUR,Ahraura,Municipality,249545
UTTAR PRADESH,SHAMLI,Ailum,Town Panchayat,248887
UTTAR PRADESH,JALAUN,Ait,Town Panchayat,297055
UTTAR PRADESH,KAUSHAMBI,Ajhuwa,Town Panchayat,249357
UTTAR PRADESH,KANPUR DEHAT,Akbarpur,Town Panchayat,249277
UTTAR PRADESH,AMBEDKAR NAGAR,Akbarpur,Municipality,249400
UTTAR PRADESH,ETAH,Aliganj,Municipality,249095
UTTAR PRADESH,ALIGARH,Aligarh,Municipal Corporation,249025
UTTAR PRADESH,MORADABAD,Alinagar,Town Panchayat,299026
UTTAR PRADESH,PRAYAGRAJ,Allahabad,Municipal Council,277256
UTTAR PRADESH,SHAHJAHANPUR,Allahganj,Town Panchayat,249175
UTTAR PRADESH,BUDAUN,Allapur,Town Panchayat,249131
UTTAR PRADESH,Kasganj,Amanpur,Town Panchayat,249088
UTTAR PRADESH,SAHARANPUR,Ambehta,Town Panchayat,248877
UTTAR PRADESH,Amethi,Amethi(Amethi),Town Panchayat,249402
UTTAR PRADESH,LUCKNOW,Amethi(lucknow),Town Panchayat,249236
UTTAR PRADESH,MAU,Amila,Town Panchayat,249484
UTTAR PRADESH,BAGHPAT,Aminagar Sarai,Town Panchayat,248975
UTTAR PRADESH,KANPUR DEHAT,Amraudhaa,Town Panchayat,263353
UTTAR PRADESH,AMROHA,Amroha,Municipality,248950
UTTAR PRADESH,MAHARAJGANJ,Anandnagar,Town Panchayat,249439
UTTAR PRADESH,SONBHADRA,Anapara,Town Panchayat,297072
UTTAR PRADESH,SONBHADRA,ANPARA,Town Panchayat,299053
UTTAR PRADESH,PRATAPGARH,Antu,Town Panchayat,249352
UTTAR PRADESH,BULANDSHAHR,Anupshahr,Municipality,249011
UTTAR PRADESH,BAREILLY,Aonla,Municipality,249145
UTTAR PRADESH,AMBEDKAR NAGAR,Ashrafpur Kichhauchha,Town Panchayat,249398
UTTAR PRADESH,FATEHPUR,ASOTHAR,Town Panchayat,297623
UTTAR PRADESH,BANDA,Atarra,Municipality,249339
UTTAR PRADESH,AURAIYA,Atasu,Town Panchayat,249270
UTTAR PRADESH,ALIGARH,Atrauli,Municipality,249022
UTTAR PRADESH,AZAMGARH,Atraulia,Town Panchayat,249468
UTTAR PRADESH,AURAIYA,Auraiya,Municipality,249273
UTTAR PRADESH,BULANDSHAHR,Aurangabad,Town Panchayat,249004
UTTAR PRADESH,UNNAO,Auras,Town Panchayat,249217
UTTAR PRADESH,ETAH,Awagarh,Town Panchayat,249102
UTTAR PRADESH,AYODHYA,Ayodhya,Municipal Corporation,249391
UTTAR PRADESH,AZAMGARH,Azamgarh,Municipality,249477
UTTAR PRADESH,AZAMGARH,Azmatgarh,Town Panchayat,249472
UTTAR PRADESH,SIDDHARTH NAGAR,Baansi,Municipality,249428
UTTAR PRADESH,AURAIYA,Babarpur Ajitmal,Town Panchayat,249269
UTTAR PRADESH,BANDA,Baberu,Town Panchayat,249336
UTTAR PRADESH,BASTI,Babhnan,Town Panchayat,297073
UTTAR PRADESH,JHANSI,Babina,Municipal Council,277288
UTTAR PRADESH,SAMBHAL,Babralaa,Town Panchayat,263350
UTTAR PRADESH,HAPUR,Babugarh,Town Panchayat,248992
UTTAR PRADESH,AMROHA,Bachhraon,Municipality,248947
UTTAR PRADESH,RAE BARELI,Bachhrawan,Town Panchayat,249238
UTTAR PRADESH,JHANSI,Bada Gaon,Town Panchayat,249313
UTTAR PRADESH,BAGHPAT,Badaut,Municipality,248972
UTTAR PRADESH,SIDDHARTH NAGAR,Badhani Chafa,Town Panchayat,297056
UTTAR PRADESH,JAUNPUR,Badlapur,Town Panchayat,263358
UTTAR PRADESH,SANT KABEER NAGAR,Baghnagar Urf Bakhira,Town Panchayat,297053
UTTAR PRADESH,BAGHPAT,Baghpat,Municipality,248973
UTTAR PRADESH,AGRA,Bah,Municipality,249074
UTTAR PRADESH,GHAZIPUR,Bahadurganj,Town Panchayat,249513
UTTAR PRADESH,BAREILLY,Bahedi,Municipality,249135
UTTAR PRADESH,SAMBHAL,Bahjoi,Municipality,248935
UTTAR PRADESH,BAHRAICH,Bahraich,Municipality,249410
UTTAR PRADESH,MEERUT,Bahsuma,Town Panchayat,248959
UTTAR PRADESH,FATEHPUR,Bahuwa,Town Panchayat,249346
UTTAR PRADESH,BALLIA,Bairia,Town Panchayat,277185
UTTAR PRADESH,MATHURA,Bajna,Town Panchayat,249046
UTTAR PRADESH,ETAWAH,Bakewar,Town Panchayat,249265
UTTAR PRADESH,MATHURA,Baldeo,Town Panchayat,249057
UTTAR PRADESH,BALLIA,Ballia,Municipality,249497
UTTAR PRADESH,BALRAMPUR,Balrampur,Municipality,249414
UTTAR PRADESH,SHAMLI,Banat,Town Panchayat,248889
UTTAR PRADESH,BANDA,Banda,Municipality,249334
UTTAR PRADESH,SHAHJAHANPUR,Banda,Town Panchayat,297057
UTTAR PRADESH,UNNAO,Bangarmau,Municipality,249212
UTTAR PRADESH,BARABANKI,Banki,Town Panchayat,249380
UTTAR PRADESH,BASTI,Bankti,Town Panchayat,289237
UTTAR PRADESH,BALLIA,Bansdih,Town Panchayat,249498
UTTAR PRADESH,GORAKHPUR,Bansgaon,Town Panchayat,249448
UTTAR PRADESH,LUCKNOW,Banthra,Town Panchayat,297048
UTTAR PRADESH,BARABANKI,Barabanki,Municipality,297019
UTTAR PRADESH,ALIGARH,BARAULI,Town Panchayat,299018
UTTAR PRADESH,KHERI,Barbar,Town Panchayat,249181
UTTAR PRADESH,BAREILLY,Bareilly,Municipal Corporation,249149
UTTAR PRADESH,BAREILLY,Bareilly,Municipal Council,277258
UTTAR PRADESH,GORAKHPUR,Barhalganj,Town Panchayat,249450
UTTAR PRADESH,SIDDHARTH NAGAR,Barhani Bazar,Town Panchayat,249425
UTTAR PRADESH,DEORIA,Bariyarpur,Town Panchayat,281989
UTTAR PRADESH,PILIBHIT,Barkhera,Town Panchayat,249161
UTTAR PRADESH,MAINPURI,Barnahal,Town Panchayat,297058
UTTAR PRADESH,MATHURA,Barsana,Town Panchayat,249043
UTTAR PRADESH,JHANSI,Barua Sagar,Municipality,249311
UTTAR PRADESH,BASTI,Basti,Municipality,249430
UTTAR PRADESH,SAHARANPUR,Behat,Town Panchayat,248870
UTTAR PRADESH,BARABANKI,Belhara,Town Panchayat,277186
UTTAR PRADESH,SANT KABEER NAGAR,Belhar Kala,Town Panchayat,297059
UTTAR PRADESH,BALLIA,Belthara Road,Town Panchayat,249492
UTTAR PRADESH,HARDOI,Beniganj,Town Panchayat,249208
UTTAR PRADESH,ALIGARH,Beswan,Town Panchayat,249031
UTTAR PRADESH,MAINPURI,Bewar,Town Panchayat,249109
UTTAR PRADESH,AYODHYA,Bhadarsa,Town Panchayat,249389
UTTAR PRADESH,BHADOHI,Bhadohi,Municipality,249535
UTTAR PRADESH,UNNAO,Bhagwant Nagar,Town Panchayat,249229
UTTAR PRADESH,KHERI,Bhanpur Banwari,Town Panchayat,297836
UTTAR PRADESH,BASTI,Bhanpur Kaswa,Town Panchayat,297060
UTTAR PRADESH,SIDDHARTH NAGAR,Bharatbhari,Town Panchayat,297061
UTTAR PRADESH,PRAYAGRAJ,Bharatganj,Town Panchayat,249374
UTTAR PRADESH,Kasganj,Bhargain,Town Panchayat,249093
UTTAR PRADESH,ETAWAH,Bharthana,Municipality,249264
UTTAR PRADESH,KAUSHAMBI,Bharwari,Town Panchayat,297074
UTTAR PRADESH,KAUSHAMBI,Bharwari(Kaushambi),Municipality,249361
UTTAR PRADESH,DEORIA,Bhatni Bazar,Town Panchayat,249463
UTTAR PRADESH,DEORIA,Bhatpar Rani,Town Panchayat,249467
UTTAR PRADESH,BULANDSHAHR,Bhawan Bahadur Nagar,Town Panchayat,249007
UTTAR PRADESH,SHRAVASTI,Bhinga,Municipality,297025
UTTAR PRADESH,MAINPURI,Bhogaon,Town Panchayat,249108
UTTAR PRADESH,MORADABAD,Bhojpur Dharampur,Town Panchayat,248928
UTTAR PRADESH,MUZAFFARNAGAR,Bhokarhedi,Town Panchayat,248902
UTTAR PRADESH,AURAIYA,Bidhuna,Town Panchayat,249267
UTTAR PRADESH,UNNAO,Bighapur,Town Panchayat,249228
UTTAR PRADESH,BIJNOR,Bijnor,Municipality,248910
UTTAR PRADESH,AYODHYA,Bikapur,Town Panchayat,249393
UTTAR PRADESH,MORADABAD,Bilari,Municipality,248931
UTTAR PRADESH,AZAMGARH,Bilariaganj,Town Panchayat,249470
UTTAR PRADESH,RAMPUR,Bilaspur,Municipality,248941
UTTAR PRADESH,GAUTAM BUDDHA NAGAR,Bilaspur,Town Panchayat,248997
UTTAR PRADESH,HARDOI,Bilgram,Municipality,249203
UTTAR PRADESH,KANPUR NAGAR,Bilhaur,Municipality,249282
UTTAR PRADESH,Kasganj,Bilram,Town Panchayat,249085
UTTAR PRADESH,PILIBHIT,Bilsanda,Town Panchayat,249163
UTTAR PRADESH,BUDAUN,Bilsi,Municipality,249122
UTTAR PRADESH,FATEHPUR,Bindki,Municipality,249345
UTTAR PRADESH,PILIBHIT,Bisalpur,Municipality,249162
UTTAR PRADESH,BANDA,Bisanda Buzurg,Town Panchayat,249338
UTTAR PRADESH,BUDAUN,Bisauli,Municipality,249118
UTTAR PRADESH,BAREILLY,Bisharatganj,Town Panchayat,249144
UTTAR PRADESH,SIDDHARTH NAGAR,Biskohar,Town Panchayat,297050
UTTAR PRADESH,SITAPUR,Biswan,Municipality,249193
UTTAR PRADESH,KANPUR NAGAR,Bithoor,Town Panchayat,249285
UTTAR PRADESH,LUCKNOW,BKT,Town Panchayat,263351
UTTAR PRADESH,MAHARAJGANJ,Brijmanganj,Town Panchayat,297062
UTTAR PRADESH,BUDAUN,Budaun,Municipality,249126
UTTAR PRADESH,MUZAFFARNAGAR,Budhana,Town Panchayat,248897
UTTAR PRADESH,AZAMGARH,Budhanpur,Town Panchayat,297075
UTTAR PRADESH,BULANDSHAHR,Bugrasi,Town Panchayat,249009
UTTAR PRADESH,BULANDSHAHR,Bulandshahr,Municipality,249005
UTTAR PRADESH,AZAMGARH,BURHANPUR,Town Panchayat,299058
UTTAR PRADESH,GORAKHPUR,Campierganj,Town Panchayat,297029
UTTAR PRADESH,KAUSHAMBI,Chail,Town Panchayat,249362
UTTAR PRADESH,CHANDAULI,Chakia,Town Panchayat,249522
UTTAR PRADESH,CHANDAULI,Chandauli,Town Panchayat,249520
UTTAR PRADESH,ALIGARH,Chandaus,Town Panchayat,297076
UTTAR PRADESH,SAMBHAL,Chandausi,Municipality,248937
UTTAR PRADESH,BIJNOR,Chandpur,Municipality,248924
UTTAR PRADESH,MAHOBA,Charkhari,Municipality,249330
UTTAR PRADESH,MUZAFFARNAGAR,Charthaval,Town Panchayat,248894
UTTAR PRADESH,KAUSHAMBI,CHARWA,Town Panchayat,299009
UTTAR PRADESH,MAHARAJGANJ,CHAUK,Town Panchayat,298915
UTTAR PRADESH,MATHURA,Chaumuha,Town Panchayat,249045
UTTAR PRADESH,BAGHPAT,Chhaprauli,Town Panchayat,248969
UTTAR PRADESH,ALIGARH,Chharra Rafatpur,Town Panchayat,249023
UTTAR PRADESH,MATHURA,Chhata,Town Panchayat,249044
UTTAR PRADESH,BULANDSHAHR,Chhatari,Town Panchayat,249017
UTTAR PRADESH,KANNAUJ,Chhibramau,Municipality,249256
UTTAR PRADESH,KUSHI NAGAR,Chhitauni,Town Panchayat,297077
UTTAR PRADESH,SAHARANPUR,Chhutmalpura,Town Panchayat,296986
UTTAR PRADESH,SAHARANPUR,Chilkana Sultanpur,Town Panchayat,248874
UTTAR PRADESH,MAU,Chirayakot,Town Panchayat,277189
UTTAR PRADESH,JHANSI,Chirgaon,Municipality,249303
UTTAR PRADESH,BALLIA,Chitbara Gaon,Town Panchayat,249496
UTTAR PRADESH,CHITRAKOOT,Chitrakoot Dham - Karwi,Municipality,249342
UTTAR PRADESH,SONBHADRA,Chopan,Town Panchayat,249549
UTTAR PRADESH,SONBHADRA,Chukradhumra,Town Panchayat,249548
UTTAR PRADESH,MIRZAPUR,Chunar,Municipality,249543
UTTAR PRADESH,GONDA,Colonelganj,Municipality,249421
UTTAR PRADESH,RAMPUR,dadiyal,Town Panchayat,299069
UTTAR PRADESH,GAUTAM BUDDHA NAGAR,Dadri,Municipality,248996
UTTAR PRADESH,BUDAUN,Dahagwan,Town Panchayat,297063
UTTAR PRADESH,BUDAUN,DAHGAWAN,Town Panchayat,297593
UTTAR PRADESH,SONBHADRA,Dala Bazar,Town Panchayat,297044
UTTAR PRADESH,RAE BARELI,Dalmau,Town Panchayat,249243
UTTAR PRADESH,GAUTAM BUDDHA NAGAR,Dankaur,Town Panchayat,248998
UTTAR PRADESH,KAUSHAMBI,Daranagar,Town Panchayat,297064
UTTAR PRADESH,RAMPUR,Darhiyal,Town Panchayat,297043
UTTAR PRADESH,BARABANKI,Dariyabad,Town Panchayat,249385
UTTAR PRADESH,GHAZIABAD,Dasna,Town Panchayat,248989
UTTAR PRADESH,BUDAUN,Dataganj,Municipality,297026
UTTAR PRADESH,MEERUT,Daurala,Town Panchayat,248956
UTTAR PRADESH,AGRA,Dayalbagh,Town Panchayat,249060
UTTAR PRADESH,BULANDSHAHR,Debai,Municipality,249013
UTTAR PRADESH,SAHARANPUR,Deoband,Municipality,248882
UTTAR PRADESH,BAREILLY,Deoranian,Town Panchayat,249138
UTTAR PRADESH,DEORIA,Deoria,Municipality,249460
UTTAR PRADESH,KANPUR DEHAT,Derapur,Town Panchayat,263348
UTTAR PRADESH,BARABANKI,Dewa,Town Panchayat,249378
UTTAR PRADESH,MORADABAD,Dhakia,Town Panchayat,290251
UTTAR PRADESH,PRATAPGARH,DHAKWA (PRATAPGARH),Town Panchayat,299013
UTTAR PRADESH,BIJNOR,Dhampur,Municipality,248919
UTTAR PRADESH,AMROHA,Dhanaura,Municipality,248946
UTTAR PRADESH,KHERI,Dhaurahara,Town Panchayat,249185
UTTAR PRADESH,BAREILLY,Dhaura Tanda,Town Panchayat,249147
UTTAR PRADESH,AURAIYA,Dibiyapur,Town Panchayat,249272
UTTAR PRADESH,GHAZIPUR,Dildarnagar Fatehpur Bazar,Town Panchayat,249515
UTTAR PRADESH,BAGHPAT,Doghat,Town Panchayat,248971
UTTAR PRADESH,MAU,Dohrighat,Town Panchayat,249483
UTTAR PRADESH,SIDDHARTH NAGAR,Domariyaganj,Town Panchayat,248145
UTTAR PRADESH,SULTANPUR,Dostpur,Town Panchayat,249406
UTTAR PRADESH,KUSHI NAGAR,Duddhi,Town Panchayat,297078
UTTAR PRADESH,SONBHADRA,Dudhi,Town Panchayat,249551
UTTAR PRADESH,FIROZABAD,Eka,Town Panchayat,277188
UTTAR PRADESH,ETAWAH,Ekdil,Town Panchayat,249263
UTTAR PRADESH,JHANSI,Erich,Town Panchayat,249304
UTTAR PRADESH,ETAH,Etah,Municipality,249098
UTTAR PRADESH,ETAWAH,Etawah,Municipality,249262
UTTAR PRADESH,AGRA,Etmadpur,Municipality,249059
UTTAR PRADESH,AYODHYA,Faizabad,Municipal Council,277263
UTTAR PRADESH,BUDAUN,Faizganj,Town Panchayat,249116
UTTAR PRADESH,MATHURA,Farah,Town Panchayat,249058
UTTAR PRADESH,GHAZIABAD,Faridnagar,Town Panchayat,248982
UTTAR PRADESH,BAREILLY,Faridpur,Municipality,249156
UTTAR PRADESH,BAREILLY,Faridpur(bareilly),Town Panchayat,249136
UTTAR PRADESH,FIROZABAD,Fariha,Town Panchayat,249080
UTTAR PRADESH,FARRUKHABAD,Farrukhabad,Municipality,249250
UTTAR PRADESH,FARRUKHABAD,Fategarh,Municipal Council,277266
UTTAR PRADESH,AGRA,Fatehabad,Town Panchayat,249072
UTTAR PRADESH,BAREILLY,Fatehganj Pashchimi,Town Panchayat,249142
UTTAR PRADESH,BAREILLY,Fatehganj Purvi,Town Panchayat,249155
UTTAR PRADESH,BARABANKI,Fatehpur(Barabanki),Town Panchayat,249376
UTTAR PRADESH,UNNAO,Fatehpur Chaurasi,Town Panchayat,249213
UTTAR PRADESH,FATEHPUR,Fatehpur(Fatehpur),Municipality,249347
UTTAR PRADESH,AGRA,Fatehpur Sikri,Municipality,249068
UTTAR PRADESH,KUSHI NAGAR,Fazilnagar,Town Panchayat,297065
UTTAR PRADESH,FIROZABAD,Firozabad,Municipal Corporation,249079
UTTAR PRADESH,BASTI,Gaayghat,Town Panchayat,297066
UTTAR PRADESH,ALIGARH,GABHANA,Town Panchayat,298115
UTTAR PRADESH,AMROHA,Gajralua,Municipality,297027
UTTAR PRADESH,BASTI,Ganeshpur,Town Panchayat,297031
UTTAR PRADESH,UNNAO,gangaghat,Municipality,297022
UTTAR PRADESH,VARANASI,Gangapur,Town Panchayat,249524
UTTAR PRADESH,SAHARANPUR,Gangoh,Municipality,248878
UTTAR PRADESH,Kasganj,Ganj Dundwara,Municipality,249090
UTTAR PRADESH,UNNAO,Ganj Muradabad,Town Panchayat,249211
UTTAR PRADESH,JHANSI,Garautha,Town Panchayat,249306
UTTAR PRADESH,SHAMLI,Garhi Pukhta,Town Panchayat,248890
UTTAR PRADESH,HAPUR,Garhmukteshwar,Municipality,248993
UTTAR PRADESH,JAUNPUR,Gaurabadshahpur,Town Panchayat,297034
UTTAR PRADESH,DEORIA,Gaura Barhaj,Municipality,249462
UTTAR PRADESH,DEORIA,GAURA BARHAJ,Town Panchayat,297580
UTTAR PRADESH,DEORIA,Gauri Bazar,Town Panchayat,249458
UTTAR PRADESH,Amethi,Gauriganj,Municipality,276425
UTTAR PRADESH,SAMBHAL,Gawan,Town Panchayat,249112
UTTAR PRADESH,KANPUR NAGAR,Ghatampur,Municipality,249290
UTTAR PRADESH,GHAZIABAD,Ghaziabad,Municipal Corporation,248988
UTTAR PRADESH,GHAZIPUR,Ghazipur,Municipality,249512
UTTAR PRADESH,MAINPURI,Ghiraur,Town Panchayat,249105
UTTAR PRADESH,SONBHADRA,Ghorawal,Town Panchayat,249546
UTTAR PRADESH,MAU,Ghosi,Town Panchayat,249485
UTTAR PRADESH,BHADOHI,Ghosia Bazar,Town Panchayat,249539
UTTAR PRADESH,MAHARAJGANJ,Ghughuli,Town Panchayat,249440
UTTAR PRADESH,GAUTAM BUDDHA NAGAR,GNIDA,Notified Area Council,274823
UTTAR PRADESH,HAMIRPUR,Gohand,Town Panchayat,249325
UTTAR PRADESH,MATHURA,Gokul,Town Panchayat,249055
UTTAR PRADESH,GORAKHPUR,Gola Bazar,Town Panchayat,249449
UTTAR PRADESH,KHERI,Gola Gokarannath,Municipality,249179
UTTAR PRADESH,GONDA,Gonda,Municipality,249419
UTTAR PRADESH,HARDOI,Gopamau,Town Panchayat,249200
UTTAR PRADESH,BHADOHI,Gopi Ganj,Municipality,249537
UTTAR PRADESH,GORAKHPUR,Gorakhpur,Municipal Corporation,249444
UTTAR PRADESH,LUCKNOW,Gosainganj (Ayodhya),Town Panchayat,249235
UTTAR PRADESH,AYODHYA,Gosainganj (Lucknow),Town Panchayat,249392
UTTAR PRADESH,MATHURA,Govardhan,Town Panchayat,249050
UTTAR PRADESH,BULANDSHAHR,Gulaothi,Municipality,249006
UTTAR PRADESH,PILIBHIT,Gularia Bhindara,Town Panchayat,249157
UTTAR PRADESH,BUDAUN,Gulariya,Town Panchayat,249128
UTTAR PRADESH,SAMBHAL,Gunnaur,Town Panchayat,249114
UTTAR PRADESH,KANNAUJ,Gursahaiganj,Municipality,249254
UTTAR PRADESH,JHANSI,Gursarai,Municipality,249305
UTTAR PRADESH,BHADOHI,Gyanpur,Town Panchayat,249536
UTTAR PRADESH,BARABANKI,Haidergarh,Town Panchayat,249387
UTTAR PRADESH,BIJNOR,Haldaur,Municipality,248914
UTTAR PRADESH,HAMIRPUR,Hamirpur,Municipality,249322
UTTAR PRADESH,PRAYAGRAJ,Handia,Town Panchayat,249372
UTTAR PRADESH,HAPUR,Hapur,Municipality,248991
UTTAR PRADESH,HARDOI,Hardoi,Municipality,249201
UTTAR PRADESH,ALIGARH,Harduaganj,Town Panchayat,249024
UTTAR PRADESH,SITAPUR,Hargaon,Town Panchayat,249190
UTTAR PRADESH,SANT KABEER NAGAR,Hariharpur,Town Panchayat,249435
UTTAR PRADESH,KUSHI NAGAR,Harra,Town Panchayat,249455
UTTAR PRADESH,BASTI,Harraiya,Town Panchayat,249429
UTTAR PRADESH,AMROHA,Hasanpur,Municipality,248952
UTTAR PRADESH,HATHRAS,Hasayan,Town Panchayat,249035
UTTAR PRADESH,MEERUT,Hastinapur,Town Panchayat,248960
UTTAR PRADESH,KUSHI NAGAR,Hata,Municipality,297020
UTTAR PRADESH,FATEHPUR,Hathgaon,Town Panchayat,253113
UTTAR PRADESH,HATHRAS,Hathras,Municipality,249037
UTTAR PRADESH,UNNAO,Hyderabad,Town Panchayat,249218
UTTAR PRADESH,ALIGARH,Iglas,Town Panchayat,249030
UTTAR PRADESH,SHRAVASTI,Ikauna,Town Panchayat,249413
UTTAR PRADESH,AMBEDKAR NAGAR,Iltifatganj Bazar,Town Panchayat,249394
UTTAR PRADESH,BUDAUN,Islamnagar,Town Panchayat,249115
UTTAR PRADESH,LUCKNOW,Itaunja,Town Panchayat,249232
UTTAR PRADESH,SIDDHARTH NAGAR,Itwa,Town Panchayat,297067
UTTAR PRADESH,AGRA,Jagner,Town Panchayat,249069
UTTAR PRADESH,FATEHPUR,Jahanabad,Town Panchayat,249159
UTTAR PRADESH,AMBEDKAR NAGAR,Jahanaganj,Town Panchayat,297035
UTTAR PRADESH,BULANDSHAHR,Jahangirabad,Municipality,249012
UTTAR PRADESH,AMBEDKAR NAGAR,JAHANGIRGANJ,Town Panchayat,298935
UTTAR PRADESH,GAUTAM BUDDHA NAGAR,Jahangirpur,Town Panchayat,249001
UTTAR PRADESH,Amethi,Jais,Municipality,249240
UTTAR PRADESH,ETAH,Jaithara,Town Panchayat,249096
UTTAR PRADESH,SHAHJAHANPUR,Jalalabad,Municipality,249174
UTTAR PRADESH,SHAMLI,Jalalabad(Bijnor),Town Panchayat,248892
UTTAR PRADESH,BIJNOR,Jalalabad(Shamli),Town Panchayat,248907
UTTAR PRADESH,ALIGARH,Jalali,Town Panchayat,249026
UTTAR PRADESH,AMBEDKAR NAGAR,Jalalpur,Municipality,249399
UTTAR PRADESH,JALAUN,Jalaun,Municipality,249294
UTTAR PRADESH,ETAH,Jalesar,Municipality,249101
UTTAR PRADESH,GHAZIPUR,Jangipur,Town Panchayat,249511
UTTAR PRADESH,MUZAFFARNAGAR,Jansath,Town Panchayat,248901
UTTAR PRADESH,BAHRAICH,Jarwal,Town Panchayat,249411
UTTAR PRADESH,FIROZABAD,Jasrana,Town Panchayat,249081
UTTAR PRADESH,ETAWAH,Jaswantnagar,Municipality,249261
UTTAR PRADESH,ALIGARH,Jatari,Town Panchayat,249019
UTTAR PRADESH,JAUNPUR,Jaunpur,Municipality,249505
UTTAR PRADESH,ALIGARH,JAWAN SIKANDPUR,Town Panchayat,299023
UTTAR PRADESH,GAUTAM BUDDHA NAGAR,Jewar,Town Panchayat,249002
UTTAR PRADESH,BIJNOR,Jhalu,Town Panchayat,248913
UTTAR PRADESH,JHANSI,Jhansi,Municipal Corporation,249314
UTTAR PRADESH,JHANSI,Jhansi,Municipal Council,277293
UTTAR PRADESH,KANPUR DEHAT,Jheenjhak,Town Panchayat,263354
UTTAR PRADESH,SHAMLI,Jhinjhana,Town Panchayat,248884
UTTAR PRADESH,PRAYAGRAJ,Jhusi,Town Panchayat,249366
UTTAR PRADESH,PRAYAGRAJ,JHUSI,Municipal Corporation,297928
UTTAR PRADESH,AZAMGARH,Jiyanpur,Town Panchayat,249471
UTTAR PRADESH,AMROHA,Joya,Town Panchayat,248951
UTTAR PRADESH,MAINPURI,Jyoti Khuria,Town Panchayat,249104
UTTAR PRADESH,Kasganj,Kaasganj,Municipality,249086
UTTAR PRADESH,MAHOBA,Kabrai,Town Panchayat,249332
UTTAR PRADESH,HARDOI,Kachhauna Patseni,Town Panchayat,249207
UTTAR PRADESH,BUDAUN,Kachhla,Town Panchayat,249124
UTTAR PRADESH,MIRZAPUR,Kachhwa,Town Panchayat,249542
UTTAR PRADESH,JALAUN,Kadaura,Town Panchayat,249296
UTTAR PRADESH,SULTANPUR,Kadipur,Town Panchayat,249407
UTTAR PRADESH,FARRUKHABAD,Kaimganj,Municipality,249248
UTTAR PRADESH,SHAMLI,Kairana,Municipality,248885
UTTAR PRADESH,BAHRAICH,KAISARGANJ,Town Panchayat,299017
UTTAR PRADESH,JAUNPUR,Kajgaon,Town Panchayat,297068
UTTAR PRADESH,BULANDSHAHR,Kakod,Town Panchayat,248999
UTTAR PRADESH,LUCKNOW,Kakori,Town Panchayat,249233
UTTAR PRADESH,BUDAUN,Kakrala,Municipality,249130
UTTAR PRADESH,SHAHJAHANPUR,KALAN,Town Panchayat,297807
UTTAR PRADESH,PILIBHIT,Kalinagar,Town Panchayat,249164
UTTAR PRADESH,JALAUN,Kalpi,Municipality,249295
UTTAR PRADESH,FARRUKHABAD,Kamalganj,Town Panchayat,249252
UTTAR PRADESH,FARRUKHABAD,Kampil,Town Panchayat,249247
UTTAR PRADESH,KANPUR DEHAT,KANCHAUSI,Town Panchayat,297864
UTTAR PRADESH,SHAMLI,Kandhla,Municipality,248886
UTTAR PRADESH,KANNAUJ,Kannauj,Municipality,249259
UTTAR PRADESH,KANPUR NAGAR,Kanpur,Municipal Corporation,249286
UTTAR PRADESH,KANPUR NAGAR,Kanpur,Municipal Council,277264
UTTAR PRADESH,MORADABAD,Kanth(Moradabad),Town Panchayat,248926
UTTAR PRADESH,SHAHJAHANPUR,Kanth(Shahjhanpur),Town Panchayat,249173
UTTAR PRADESH,SIDDHARTH NAGAR,Kapilavastu,Town Panchayat,297051
UTTAR PRADESH,KUSHI NAGAR,Kaptanganj,Town Panchayat,249454
UTTAR PRADESH,BASTI,KAPTANGANJ BASTI,Town Panchayat,298096
UTTAR PRADESH,KAUSHAMBI,Karari,Town Panchayat,249360
UTTAR PRADESH,MAINPURI,Karhal,Town Panchayat,249107
UTTAR PRADESH,MEERUT,Karnawal,Town Panchayat,248954
UTTAR PRADESH,GORAKHPUR,KASBA SANGRAMPUR URF UNWAL,Town Panchayat,297495
UTTAR PRADESH,AZAMGARH,Katghar Lalganj,Town Panchayat,249481
UTTAR PRADESH,JHANSI,Kathera,Town Panchayat,249310
UTTAR PRADESH,SHAHJAHANPUR,Katra,Town Panchayat,249169
UTTAR PRADESH,GONDA,Katra,Town Panchayat,249420
UTTAR PRADESH,PRATAPGARH,Katra Medniganj,Town Panchayat,249355
UTTAR PRADESH,ALIGARH,Kauriaganj,Town Panchayat,249027
UTTAR PRADESH,FARRUKHABAD,Kayamganj,Municipality,297021
UTTAR PRADESH,RAMPUR,Kemri,Town Panchayat,248942
UTTAR PRADESH,JAUNPUR,Kerakat,Town Panchayat,249508
UTTAR PRADESH,KUSHI NAGAR,Khadda,Town Panchayat,249451
UTTAR PRADESH,FATEHPUR,Khaga,Town Panchayat,249348
UTTAR PRADESH,ALIGARH,Khair,Municipality,249020
UTTAR PRADESH,SITAPUR,Khairabad,Municipality,249188
UTTAR PRADESH,AGRA,Khairragarh,Town Panchayat,249070
UTTAR PRADESH,SANT KABEER NAGAR,Khalilabad,Municipality,249433
UTTAR PRADESH,BHADOHI,Khamaria,Town Panchayat,249538
UTTAR PRADESH,BULANDSHAHR,Khanpur,Town Panchayat,249010
UTTAR PRADESH,MAHOBA,Kharela,Town Panchayat,249329
UTTAR PRADESH,GONDA,Khargupur,Town Panchayat,249418
UTTAR PRADESH,MEERUT,Kharkhoda,Town Panchayat,248968
UTTAR PRADESH,MUZAFFARNAGAR,Khatauli,Municipality,248899
UTTAR PRADESH,BAGHPAT,Khekada,Municipality,297023
UTTAR PRADESH,KHERI,Kheri,Town Panchayat,249183
UTTAR PRADESH,JAUNPUR,Kheta Sarai,Town Panchayat,249502
UTTAR PRADESH,AYODHYA,KHIRAUNI(SUCHITTAGANJ),Town Panchayat,297756
UTTAR PRADESH,MEERUT,Khiwai,Town Panchayat,297079
UTTAR PRADESH,GHAZIABAD,Khoda Makanpur,Municipality,274820
UTTAR PRADESH,SHAHJAHANPUR,Khudaganj,Town Panchayat,249168
UTTAR PRADESH,BULANDSHAHR,Khurja,Municipality,249018
UTTAR PRADESH,SHAHJAHANPUR,Khutar,Town Panchayat,249166
UTTAR PRADESH,AGRA,Kiraoli,Town Panchayat,249067
UTTAR PRADESH,BIJNOR,Kiratpur,Municipality,248908
UTTAR PRADESH,MAINPURI,Kishni,Town Panchayat,249111
UTTAR PRADESH,FATEHPUR,Kishunpur,Town Panchayat,249349
UTTAR PRADESH,MEERUT,Kithaur,Town Panchayat,248963
UTTAR PRADESH,SULTANPUR,Koeripur,Town Panchayat,249405
UTTAR PRADESH,PRATAPGARH,Kohdaur,Town Panchayat,297042
UTTAR PRADESH,JALAUN,Konch,Municipality,249299
UTTAR PRADESH,MAU,Kopaganj,Town Panchayat,249486
UTTAR PRADESH,FATEHPUR,Kora Jahanabad,Town Panchayat,249344
UTTAR PRADESH,PRAYAGRAJ,Koraon,Town Panchayat,249375
UTTAR PRADESH,MATHURA,Kosi Kalan,Municipality,249041
UTTAR PRADESH,JALAUN,Kotra,Town Panchayat,249298
UTTAR PRADESH,MAHOBA,Kulpahar,Town Panchayat,249328
UTTAR PRADESH,AYODHYA,KUMARGANJ,Town Panchayat,297758
UTTAR PRADESH,PRATAPGARH,Kunda,Town Panchayat,249351
UTTAR PRADESH,MORADABAD,Kundarki,Town Panchayat,248930
UTTAR PRADESH,BUDAUN,Kunwargaon,Town Panchayat,249127
UTTAR PRADESH,MAINPURI,Kuraoli,Town Panchayat,249103
UTTAR PRADESH,HAMIRPUR,Kurara,Town Panchayat,249321
UTTAR PRADESH,UNNAO,Kursath (Hardoi),Town Panchayat,249216
UTTAR PRADESH,HARDOI,Kursath (Unnao),Town Panchayat,249206
UTTAR PRADESH,MAU,Kurthijafarpur,Town Panchayat,299071
UTTAR PRADESH,MAU,Kurthi Jafarpur,Town Panchayat,297052
UTTAR PRADESH,KUSHI NAGAR,Kushinagar,Municipality,297024
UTTAR PRADESH,MAINPURI,Kusmara,Town Panchayat,249110
UTTAR PRADESH,PRATAPGARH,Laalganj,Town Panchayat,277531
UTTAR PRADESH,SITAPUR,Laharpur,Municipality,249191
UTTAR PRADESH,KHERI,Lakhimpur,Municipality,249182
UTTAR PRADESH,ETAWAH,Lakhna,Town Panchayat,249266
UTTAR PRADESH,RAE BARELI,Lalganj,Town Panchayat,249242
UTTAR PRADESH,PRAYAGRAJ,Lal Gopalganj Nindaura,Town Panchayat,249365
UTTAR PRADESH,LALITPUR,Lalitpur,Municipality,249318
UTTAR PRADESH,SULTANPUR,Lambhua,Town Panchayat,297038
UTTAR PRADESH,DEORIA,Lar,Town Panchayat,249466
UTTAR PRADESH,MEERUT,Lawar,Town Panchayat,248957
UTTAR PRADESH,VARANASI,Lohta,Town Panchayat,297069
UTTAR PRADESH,GHAZIABAD,Loni,Municipality,248985
UTTAR PRADESH,LUCKNOW,Lucknow,Municipal Corporation,249234
UTTAR PRADESH,LUCKNOW,Lucknow,Municipal Council,277269
UTTAR PRADESH,JAUNPUR,Machhlishahr,Town Panchayat,249504
UTTAR PRADESH,HARDOI,Madhoganj,Town Panchayat,249204
UTTAR PRADESH,JALAUN,Madhogarh,Town Panchayat,249293
UTTAR PRADESH,ALIGARH,Madrak,Town Panchayat,297033
UTTAR PRADESH,SANT KABEER NAGAR,Maghar,Town Panchayat,249434
UTTAR PRADESH,MATHURA,Mahaban,Town Panchayat,249056
UTTAR PRADESH,RAE BARELI,Maharajganj(Azamgarh),Town Panchayat,249239
UTTAR PRADESH,AZAMGARH,Maharajganj(Raibareilly),Town Panchayat,249469
UTTAR PRADESH,SITAPUR,Mahmudabad,Municipality,249194
UTTAR PRADESH,MAHOBA,Mahoba,Municipality,249331
UTTAR PRADESH,SITAPUR,Maholi,Town Panchayat,249186
UTTAR PRADESH,LUCKNOW,Mahona,Town Panchayat,249231
UTTAR PRADESH,MAHARAJGANJ,Mahrajganj,Municipality,249441
UTTAR PRADESH,LALITPUR,Mahroni,Town Panchayat,249320
UTTAR PRADESH,AZAMGARH,Mahul,Town Panchayat,263356
UTTAR PRADESH,KHERI,Mailani,Town Panchayat,249178
UTTAR PRADESH,MAINPURI,Mainpuri,Municipality,249106
UTTAR PRADESH,DEORIA,Majhauliraj,Town Panchayat,249464
UTTAR PRADESH,FIROZABAD,Makkhanpur,Town Panchayat,297081
UTTAR PRADESH,LUCKNOW,Malihabad,Town Panchayat,249230
UTTAR PRADESH,HARDOI,Mallawan,Municipality,249205
UTTAR PRADESH,BIJNOR,Mandawar,Town Panchayat,248909
UTTAR PRADESH,PRATAPGARH,Manikpur(Pratapgarh),Town Panchayat,249350
UTTAR PRADESH,CHITRAKOOT,Manikpur Sarhat (Chitrakoot),Town Panchayat,249341
UTTAR PRADESH,BALLIA,Maniyar,Town Panchayat,249494
UTTAR PRADESH,KAUSHAMBI,Manjhanpur,Municipality,249359
UTTAR PRADESH,GONDA,Mankapur,Town Panchayat,249423
UTTAR PRADESH,ETAH,Marehra,Municipality,249099
UTTAR PRADESH,JAUNPUR,Mariahu,Town Panchayat,249507
UTTAR PRADESH,RAMPUR,Maswasi,Town Panchayat,248938
UTTAR PRADESH,BANDA,Mataundh,Town Panchayat,249333
UTTAR PRADESH,MATHURA,Mathura,Municipal Council,277270
UTTAR PRADESH,MATHURA,Mathura-Vrindavan,Municipal Corporation,249052
UTTAR PRADESH,PRAYAGRAJ,Mau Aima,Town Panchayat,249364
UTTAR PRADESH,HAMIRPUR,Maudaha,Municipality,249327
UTTAR PRADESH,MAU,Mau(Maunath Bhanjan),Municipality,249488
UTTAR PRADESH,CHITRAKOOT,MAU MUSTKIL,Town Panchayat,299010
UTTAR PRADESH,JHANSI,Mauranipur,Municipality,249308
UTTAR PRADESH,UNNAO,Maurawan,Town Panchayat,249227
UTTAR PRADESH,MEERUT,Mawana,Municipality,248961
UTTAR PRADESH,MEERUT,Meerut,Municipal Corporation,248964
UTTAR PRADESH,MEERUT,Meerut,Municipal Council,277271
UTTAR PRADESH,SANT KABEER NAGAR,Mehdawal,Town Panchayat,249431
UTTAR PRADESH,MORADABAD,Mehmoodpur Mafi,Town Panchayat,299027
UTTAR PRADESH,AZAMGARH,Mehnagar,Town Panchayat,249482
UTTAR PRADESH,HATHRAS,Mendu,Town Panchayat,249036
UTTAR PRADESH,RAMPUR,Milak,Municipality,248945
UTTAR PRADESH,MUZAFFARNAGAR,Miranpur,Town Panchayat,248903
UTTAR PRADESH,BAREILLY,Mirganj,Town Panchayat,249141
UTTAR PRADESH,MIRZAPUR,Mirzapur-cum-Vindhyachal,Municipality,249540
UTTAR PRADESH,SITAPUR,Misrikh Cum Neemsar,Municipality,249187
UTTAR PRADESH,GHAZIABAD,Modinagar,Municipality,248981
UTTAR PRADESH,MAU,Mohammadabad (Farrukhabad),Town Panchayat,249490
UTTAR PRADESH,GHAZIPUR,Mohammadabad(Gazipur),Municipality,249514
UTTAR PRADESH,FARRUKHABAD,Mohammadabad Gohna,Town Panchayat,249251
UTTAR PRADESH,KHERI,Mohammadi,Municipality,249180
UTTAR PRADESH,UNNAO,Mohan,Town Panchayat,249220
UTTAR PRADESH,LUCKNOW,Mohanlalganj,Town Panchayat,297039
UTTAR PRADESH,Kasganj,Mohanpur,Town Panchayat,249089
UTTAR PRADESH,MORADABAD,Moradabad,Municipal Corporation,248929
UTTAR PRADESH,JHANSI,Moth,Town Panchayat,249302
UTTAR PRADESH,AZAMGARH,Mubarakpur,Municipality,249474
UTTAR PRADESH,GORAKHPUR,Mundera Bazar,Town Panchayat,249447
UTTAR PRADESH,BASTI,MUNDERWA,Town Panchayat,298093
UTTAR PRADESH,BUDAUN,Mundia,Town Panchayat,249117
UTTAR PRADESH,JAUNPUR,Mungra Badshahpur,Municipality,249503
UTTAR PRADESH,GHAZIABAD,Muradnagar,Municipality,248983
UTTAR PRADESH,HATHRAS,Mursan,Town Panchayat,249038
UTTAR PRADESH,Amethi,Musafirkhana,Town Panchayat,249401
UTTAR PRADESH,KANPUR DEHAT,MUSANAGAR,Town Panchayat,297651
UTTAR PRADESH,MUZAFFARNAGAR,Muzaffarnagar,Municipality,248895
UTTAR PRADESH,JALAUN,Nadigaon,Town Panchayat,249300
UTTAR PRADESH,MORADABAD,Nagalia Mashmoola,Town Panchayat,299028
UTTAR PRADESH,BASTI,NAGAR BAZAR,Town Panchayat,298095
UTTAR PRADESH,BIJNOR,Nagina,Municipality,248915
UTTAR PRADESH,BALLIA,Nagra,Town Panchayat,297083
UTTAR PRADESH,LUCKNOW,Nagram,Town Panchayat,249237
UTTAR PRADESH,BHADOHI,Nai Bazar,Town Panchayat,249534
UTTAR PRADESH,PRAYAGRAJ,NAINI,Municipal Corporation,297929
UTTAR PRADESH,BIJNOR,Najibabad,Municipality,248905
UTTAR PRADESH,SAHARANPUR,Nakur,Municipality,248876
UTTAR PRADESH,SAHARANPUR,Nanauta,Town Panchayat,248880
UTTAR PRADESH,MATHURA,Nandgaon,Town Panchayat,249042
UTTAR PRADESH,BAHRAICH,Nanpara,Municipality,249408
UTTAR PRADESH,BANDA,Naraini,Town Panchayat,249340
UTTAR PRADESH,SAMBHAL,Narauli,Town Panchayat,248936
UTTAR PRADESH,BULANDSHAHR,Naraura,Town Panchayat,249014
UTTAR PRADESH,RAMPUR,narpat nagar,Town Panchayat,299070
UTTAR PRADESH,RAMPUR,Narpat Nagar Doondawala,Town Panchayat,297047
UTTAR PRADESH,RAE BARELI,Nasirabad,Town Panchayat,297084
UTTAR PRADESH,AMROHA,Naugawan Sadat,Town Panchayat,248949
UTTAR PRADESH,MAHARAJGANJ,Nautanwa,Municipality,249436
UTTAR PRADESH,FARRUKHABAD,NAWABGANJ,Town Panchayat,297735
UTTAR PRADESH,BAREILLY,Nawabganj(Bareilly),Municipality,249154
UTTAR PRADESH,GONDA,Nawabganj(Gonda),Municipality,249422
UTTAR PRADESH,UNNAO,Nawabganj (Unnao),Town Panchayat,249222
UTTAR PRADESH,BIJNOR,Nehtaur,Municipality,248920
UTTAR PRADESH,MAHARAJGANJ,Nichlaul,Town Panchayat,249437
UTTAR PRADESH,ETAH,Nidhauli Kalan,Town Panchayat,249100
UTTAR PRADESH,KHERI,Nighasan,Town Panchayat,297085
UTTAR PRADESH,SHAHJAHANPUR,Nigohi,Town Panchayat,297049
UTTAR PRADESH,GHAZIABAD,Niwari,Town Panchayat,248978
UTTAR PRADESH,AZAMGARH,Nizamabad,Town Panchayat,249478
UTTAR PRADESH,BIJNOR,Noorpur,Municipality,248923
UTTAR PRADESH,PILIBHIT,Nyoria Husainpur,Town Panchayat,249158
UTTAR PRADESH,UNNAO,Nyotini,Town Panchayat,249221
UTTAR PRADESH,SONBHADRA,Obra,Town Panchayat,249550
UTTAR PRADESH,KHERI,Oel Dhakwa,Town Panchayat,249184
UTTAR PRADESH,JALAUN,Orai,Municipality,249297
UTTAR PRADESH,BANDA,Oran,Town Panchayat,249337
UTTAR PRADESH,BALRAMPUR,Pachperwa,Town Panchayat,249416
UTTAR PRADESH,KUSHI NAGAR,Padrauna,Municipality,249452
UTTAR PRADESH,BULANDSHAHR,Pahasu,Town Panchayat,249016
UTTAR PRADESH,SITAPUR,Paintepur,Town Panchayat,249195
UTTAR PRADESH,,Pakadia Naugawa,Town Panchayat,297046
UTTAR PRADESH,PILIBHIT,Pakariya naughwan must,Town Panchayat,297647
UTTAR PRADESH,MORADABAD,PAKBARA,Town Panchayat,290250
UTTAR PRADESH,KHERI,Palia Kalan,Municipality,249176
UTTAR PRADESH,HARDOI,Pali (Hardoi),Town Panchayat,249199
UTTAR PRADESH,LALITPUR,Pali (Lalitpur),Town Panchayat,249319
UTTAR PRADESH,MAHARAJGANJ,Paniyara,Town Panchayat,297041
UTTAR PRADESH,MEERUT,Parikshitgarh,Town Panchayat,248962
UTTAR PRADESH,RAE BARELI,Parsadepur,Town Panchayat,249245
UTTAR PRADESH,MAHARAJGANJ,Partawal,Town Panchayat,297040
UTTAR PRADESH,Kasganj,Patiyali,Town Panchayat,249091
UTTAR PRADESH,GHAZIABAD,Patla,Town Panchayat,248977
UTTAR PRADESH,PRATAPGARH,Patti,Town Panchayat,249356
UTTAR PRADESH,BAHRAICH,Payagpur,Town Panchayat,297070
UTTAR PRADESH,MEERUT,Phalauda,Town Panchayat,248958
UTTAR PRADESH,PRAYAGRAJ,Phaphamau,Municipal Corporation,297931
UTTAR PRADESH,AURAIYA,Phaphund,Town Panchayat,249271
UTTAR PRADESH,PRAYAGRAJ,Phulpur (Azamgarh),Town Panchayat,249368
UTTAR PRADESH,AZAMGARH,Phulpur (Prayagraj),Town Panchayat,249480
UTTAR PRADESH,HARDOI,Pihani,Municipality,249198
UTTAR PRADESH,PILIBHIT,Pilibhit,Municipality,249160
UTTAR PRADESH,ALIGARH,Pilkhana,Town Panchayat,249028
UTTAR PRADESH,HAPUR,Pilkhuwa,Municipality,248990
UTTAR PRADESH,AGRA,Pinahat,Town Panchayat,249073
UTTAR PRADESH,GORAKHPUR,Pipiganj,Town Panchayat,249442
UTTAR PRADESH,GORAKHPUR,Pipraich,Town Panchayat,249446
UTTAR PRADESH,SONBHADRA,Pipri,Town Panchayat,249553
UTTAR PRADESH,ALIGARH,Pisawa,Town Panchayat,297045
UTTAR PRADESH,KAUSHAMBI,Poorav Pashchim Shareera,Town Panchayat,297086
UTTAR PRADESH,SHAHJAHANPUR,Powayan,Municipality,249167
UTTAR PRADESH,PRATAPGARH,Pratapgarh(Bela),Municipality,249353
UTTAR PRADESH,PRATAPGARH,Pratapgarh City,Town Panchayat,249354
UTTAR PRADESH,PRAYAGRAJ,Prayagraj,Municipal Corporation,249369
UTTAR PRADESH,PRATAPGARH,Prithviganj,Town Panchayat,297087
UTTAR PRADESH,CHANDAULI,Pt Deen Dayal Nagar(Mughalsarai),Municipality,249518
UTTAR PRADESH,KANPUR DEHAT,Pukhrayan,Municipality,249279
UTTAR PRADESH,PILIBHIT,Puranpur,Municipality,249165
UTTAR PRADESH,HATHRAS,Purdilnagar,Town Panchayat,249034
UTTAR PRADESH,MUZAFFARNAGAR,Purquazi,Town Panchayat,248893
UTTAR PRADESH,UNNAO,Purwa,Town Panchayat,249226
UTTAR PRADESH,GAUTAM BUDDHA NAGAR,Rabupura,Town Panchayat,249000
UTTAR PRADESH,MATHURA,Radhakund,Town Panchayat,249049
UTTAR PRADESH,RAE BARELI,Rae Bareli,Municipality,249241
UTTAR PRADESH,ETAH,Raja ka Rampur,Town Panchayat,249094
UTTAR PRADESH,CHITRAKOOT,Rajapur,Town Panchayat,249343
UTTAR PRADESH,KANPUR DEHAT,Rajpur,Town Panchayat,297037
UTTAR PRADESH,PRATAPGARH,RAMGANJ (PRATAPGARH),Town Panchayat,299012
UTTAR PRADESH,KUSHI NAGAR,Ramkola,Town Panchayat,249453
UTTAR PRADESH,BARABANKI,Ramnagar,Town Panchayat,249377
UTTAR PRADESH,VARANASI,Ramnagar,Municipality,249532
UTTAR PRADESH,RAMPUR,Rampur,Municipality,248943
UTTAR PRADESH,JALAUN,Rampura,Town Panchayat,249291
UTTAR PRADESH,JAUNPUR,Rampur (Jaunpur),Town Panchayat,297088
UTTAR PRADESH,DEORIA,Rampur Karkhana,Town Panchayat,249459
UTTAR PRADESH,SAHARANPUR,Rampur Maniharan,Town Panchayat,248881
UTTAR PRADESH,BARABANKI,RAM SANEHI GHAT,Town Panchayat,299081
UTTAR PRADESH,PRATAPGARH,Raniganj,Town Panchayat,277192
UTTAR PRADESH,JHANSI,Ranipur,Town Panchayat,249309
UTTAR PRADESH,KANPUR DEHAT,Raniya,Town Panchayat,297089
UTTAR PRADESH,BALLIA,Rasra,Municipality,249495
UTTAR PRADESH,KANPUR DEHAT,Rasulabaad(Kanpur Dehat),Town Panchayat,263352
UTTAR PRADESH,UNNAO,Rasulabaad(Unnao),Town Panchayat,249219
UTTAR PRADESH,BAGHPAT,RATAUL,Town Panchayat,297820
UTTAR PRADESH,HAMIRPUR,Rath,Municipality,249326
UTTAR PRADESH,BALLIA,ratsar kala,Town Panchayat,297861
UTTAR PRADESH,MATHURA,Raya,Town Panchayat,249047
UTTAR PRADESH,SONBHADRA,Renukoot,Town Panchayat,249552
UTTAR PRADESH,BALLIA,Reoti,Town Panchayat,249500
UTTAR PRADESH,BAREILLY,Richha,Town Panchayat,249137
UTTAR PRADESH,BAHRAICH,Risia Bazar,Town Panchayat,249409
UTTAR PRADESH,BAREILLY,Rithora,Town Panchayat,249152
UTTAR PRADESH,SONBHADRA,Robertsganj,Municipality,249547
UTTAR PRADESH,AYODHYA,Rudauli,Municipality,249388
UTTAR PRADESH,AYODHYA,RUDAULI,Town Panchayat,297080
UTTAR PRADESH,BUDAUN,Rudayan,Town Panchayat,249121
UTTAR PRADESH,BASTI,Rudhauli bazar,Town Panchayat,263359
UTTAR PRADESH,DEORIA,Rudrapur,Town Panchayat,249461
UTTAR PRADESH,KANPUR DEHAT,Rura,Town Panchayat,249276
UTTAR PRADESH,HATHRAS,Sadabad,Town Panchayat,249039
UTTAR PRADESH,GHAZIPUR,Sadat,Town Panchayat,249509
UTTAR PRADESH,UNNAO,Safipur,Town Panchayat,249215
UTTAR PRADESH,BIJNOR,Sahanpur,Town Panchayat,248904
UTTAR PRADESH,SAHARANPUR,Saharanpur,Municipal Corporation,248873
UTTAR PRADESH,BIJNOR,Sahaspur,Town Panchayat,248922
UTTAR PRADESH,BUDAUN,Sahaswan,Municipality,249123
UTTAR PRADESH,BALLIA,Sahatwar,Town Panchayat,249499
UTTAR PRADESH,Kasganj,Sahawar,Town Panchayat,249087
UTTAR PRADESH,GORAKHPUR,Sahjanwa,Town Panchayat,249443
UTTAR PRADESH,HATHRAS,Sahpau,Town Panchayat,249040
UTTAR PRADESH,AMROHA,SAID NAGLI,Town Panchayat,297714
UTTAR PRADESH,BUDAUN,Saidpur(Badaun),Town Panchayat,249119
UTTAR PRADESH,GHAZIPUR,Saidpur(Gazipur),Town Panchayat,249510
UTTAR PRADESH,ETAWAH,saifani,Town Panchayat,297090
UTTAR PRADESH,BAREILLY,Sainthal,Town Panchayat,249153
UTTAR PRADESH,CHANDAULI,Saiyad Raja,Town Panchayat,249521
UTTAR PRADESH,BUDAUN,Sakhanu,Town Panchayat,249129
UTTAR PRADESH,ETAH,Sakit,Town Panchayat,249097
UTTAR PRADESH,DEORIA,Salempur,Town Panchayat,249465
UTTAR PRADESH,RAE BARELI,Salon,Town Panchayat,249246
UTTAR PRADESH,SAMBHAL,Sambhal,Municipality,248934
UTTAR PRADESH,KANNAUJ,Samdhan,Town Panchayat,249253
UTTAR PRADESH,JHANSI,Samthar,Municipality,249301
UTTAR PRADESH,HARDOI,Sandi,Municipality,249202
UTTAR PRADESH,HARDOI,Sandila,Municipality,249209
UTTAR PRADESH,KAUSHAMBI,Sarai Aquil,Town Panchayat,249363
UTTAR PRADESH,AZAMGARH,Sarai Mir,Town Panchayat,249479
UTTAR PRADESH,MEERUT,Sardhana,Municipality,248955
UTTAR PRADESH,HAMIRPUR,Sarila,Town Panchayat,249324
UTTAR PRADESH,SAHARANPUR,Sarsawan,Municipality,248875
UTTAR PRADESH,HATHRAS,Sasni,Town Panchayat,249032
UTTAR PRADESH,BARABANKI,Satrikh,Town Panchayat,249381
UTTAR PRADESH,MATHURA,Saunkh,Town Panchayat,249051
UTTAR PRADESH,KANNAUJ,Saurikh,Town Panchayat,249257
UTTAR PRADESH,BIJNOR,Seohara,Municipality,248921
UTTAR PRADESH,MEERUT,Sewalkhas,Town Panchayat,248967
UTTAR PRADESH,KUSHI NAGAR,Sewarhi,Town Panchayat,249457
UTTAR PRADESH,RAMPUR,Shahabad,Town Panchayat,248944
UTTAR PRADESH,HARDOI,Shahabad,Municipality,249197
UTTAR PRADESH,JAUNPUR,Shahganj,Municipality,249501
UTTAR PRADESH,BAREILLY,Shahi,Town Panchayat,249143
UTTAR PRADESH,SHAHJAHANPUR,Shahjahanpur,Municipal Council,277277
UTTAR PRADESH,SHAHJAHANPUR,SHAHJAHANPUR,Municipal Corporation,297802
UTTAR PRADESH,MUZAFFARNAGAR,Shahpur,Town Panchayat,248898
UTTAR PRADESH,SHAMLI,Shamli,Municipality,248888
UTTAR PRADESH,AGRA,Shamsabad,Municipality,249071
UTTAR PRADESH,FARRUKHABAD,Shamshabad,Town Panchayat,297032
UTTAR PRADESH,PRAYAGRAJ,Shankargarh,Town Panchayat,249370
UTTAR PRADESH,BAREILLY,Shergarh,Town Panchayat,249139
UTTAR PRADESH,BIJNOR,Sherkot,Municipality,248918
UTTAR PRADESH,BULANDSHAHR,Shikarpur,Municipality,249015
UTTAR PRADESH,FIROZABAD,Shikohabad,Municipality,249082
UTTAR PRADESH,BAREILLY,Shishgarh,Town Panchayat,249140
UTTAR PRADESH,KANPUR DEHAT,Shivli,Town Panchayat,249275
UTTAR PRADESH,KANPUR NAGAR,Shivrajpur,Town Panchayat,249283
UTTAR PRADESH,SIDDHARTH NAGAR,Shohratgarh,Town Panchayat,249426
UTTAR PRADESH,BULANDSHAHR,Siana,Municipality,249008
UTTAR PRADESH,SIDDHARTH NAGAR,Siddharth Nagar (Tetri Bazar),Municipality,249427
UTTAR PRADESH,BARABANKI,Siddhaur,Town Panchayat,249386
UTTAR PRADESH,SITAPUR,Sidhauli,Town Panchayat,249196
UTTAR PRADESH,Kasganj,Sidhpura,Town Panchayat,249092
UTTAR PRADESH,KANPUR DEHAT,Sikandara,Town Panchayat,263355
UTTAR PRADESH,BALLIA,Sikanderpur (Ballia),Town Panchayat,249493
UTTAR PRADESH,KANNAUJ,Sikanderpur (Kannauj),Town Panchayat,249255
UTTAR PRADESH,BULANDSHAHR,Sikandrabad,Municipality,249003
UTTAR PRADESH,HATHRAS,Sikandra Rao,Municipality,249033
UTTAR PRADESH,KHERI,Singahi Bhiraura,Town Panchayat,249177
UTTAR PRADESH,KAUSHAMBI,Sirathu,Town Panchayat,249358
UTTAR PRADESH,BAREILLY,Sirauli,Town Panchayat,249146
UTTAR PRADESH,PRAYAGRAJ,Sirsa,Town Panchayat,249373
UTTAR PRADESH,FIROZABAD,Sirsaganj,Municipality,249083
UTTAR PRADESH,SAMBHAL,Sirsi,Town Panchayat,248933
UTTAR PRADESH,MUZAFFARNAGAR,Sisauli,Town Panchayat,248896
UTTAR PRADESH,MAHARAJGANJ,Siswa Bazar,Town Panchayat,249438
UTTAR PRADESH,SITAPUR,Sitapur,Municipality,249189
UTTAR PRADESH,MAHARAJGANJ,Sonauli,Town Panchayat,277139
UTTAR PRADESH,Kasganj,Soron,Municipality,249084
UTTAR PRADESH,RAMPUR,Suar,Municipality,248939
UTTAR PRADESH,BARABANKI,Subeha,Town Panchayat,253131
UTTAR PRADESH,KUSHI NAGAR,Sukrauli,Town Panchayat,249412
UTTAR PRADESH,SULTANPUR,Sultanpur,Municipality,249404
UTTAR PRADESH,HAMIRPUR,Sumerpur,Town Panchayat,249323
UTTAR PRADESH,BHADOHI,Suriyawan,Town Panchayat,249533
UTTAR PRADESH,PRATAPGARH,Suwansa Bazar,Town Panchayat,297054
UTTAR PRADESH,AGRA,Swamibagh,Town Panchayat,249061
UTTAR PRADESH,LALITPUR,Talbehat,Town Panchayat,249317
UTTAR PRADESH,KANNAUJ,Talgram,Town Panchayat,249258
UTTAR PRADESH,SITAPUR,Tambaur Cum Ahmadabad,Town Panchayat,249192
UTTAR PRADESH,KUSHI NAGAR,Tamkuhi Raj,Town Panchayat,297036
UTTAR PRADESH,RAMPUR,Tanda(Ambekar Nagar),Municipality,248940
UTTAR PRADESH,AMBEDKAR NAGAR,Tanda(Rampur),Municipality,249396
UTTAR PRADESH,ALIGARH,tappal,Town Panchayat,299184
UTTAR PRADESH,MORADABAD,Thakurdwara,Municipality,248925
UTTAR PRADESH,SHAMLI,Thana Bhawan,Town Panchayat,248891
UTTAR PRADESH,BAREILLY,Thiriya Nizamat Khan,Town Panchayat,249151
UTTAR PRADESH,BARABANKI,Tikait Nagar,Town Panchayat,249384
UTTAR PRADESH,BAGHPAT,Tikri,Town Panchayat,248970
UTTAR PRADESH,SHAHJAHANPUR,Tilhar,Municipality,249170
UTTAR PRADESH,BANDA,Tindwari,Town Panchayat,249335
UTTAR PRADESH,KANNAUJ,Tirwaganj,Town Panchayat,249260
UTTAR PRADESH,SAHARANPUR,Titron,Town Panchayat,248879
UTTAR PRADESH,JHANSI,Tondi Fatehpur,Town Panchayat,249307
UTTAR PRADESH,BALRAMPUR,Tulsipur,Town Panchayat,249415
UTTAR PRADESH,FIROZABAD,Tundla,Municipality,249075
UTTAR PRADESH,UNNAO,Ugu,Town Panchayat,249214
UTTAR PRADESH,BUDAUN,Ujhani,Municipality,249125
UTTAR PRADESH,AMROHA,Ujhari,Town Panchayat,248953
UTTAR PRADESH,JALAUN,Umri,Town Panchayat,249292
UTTAR PRADESH,MORADABAD,Umri Kalan,Town Panchayat,248927
UTTAR PRADESH,RAE BARELI,Unchahar,Town Panchayat,249244
UTTAR PRADESH,SHAMLI,Unn,Town Panchayat,248883
UTTAR PRADESH,UNNAO,Unnao,Municipality,249223
UTTAR PRADESH,BUDAUN,Usawan,Town Panchayat,249133
UTTAR PRADESH,BUDAUN,Usehat,Town Panchayat,249134
UTTAR PRADESH,SIDDHARTH NAGAR,Uska Bazar,Town Panchayat,257826
UTTAR PRADESH,BALRAMPUR,Utraula,Municipality,249417
UTTAR PRADESH,VARANASI,Varanasi,Municipal Corporation,249531
UTTAR PRADESH,VARANASI,Varanasi,Municipal Council,277278
UTTAR PRADESH,ALIGARH,Vijaigarh,Town Panchayat,249029
UTTAR PRADESH,MAU,Walidpur,Town Panchayat,270654
UTTAR PRADESH,BIJNOR,Warhapur,Town Panchayat,248916
UTTAR PRADESH,BUDAUN,Wazirganj,Town Panchayat,249120
UTTAR PRADESH,BULANDSHAHR,YEIDA,Notified Area Council,274822
UTTAR PRADESH,JAUNPUR,Zafrabad,Town Panchayat,297091
UTTAR PRADESH,BARABANKI,Zaidpur,Town Panchayat,249382
UTTAR PRADESH,GHAZIPUR,Zamania,Municipality,249516
WEST BENGAL,Alipurduar,Alipurduar,Municipality,249958
WEST BENGAL,HOOGHLY,Arambag,Municipality,250168
WEST BENGAL,PASCHIM BARDHAMAN,Asansol,Municipal Corporation,250032
WEST BENGAL,24 PARAGANAS NORTH,Ashoknagar Kalyangarh,Municipality,250128
WEST BENGAL,24 PARAGANAS NORTH,Baduria,Municipality,250134
WEST BENGAL,MURSHIDABAD,Baharampur,Municipality,249999
WEST BENGAL,HOOGHLY,Baidyabati,Municipality,250175
WEST BENGAL,HOWRAH,Bally,Municipality,250246
WEST BENGAL,DINAJPUR DAKSHIN,Balurghat,Municipality,249989
WEST BENGAL,24 PARAGANAS NORTH,Bangaon,Municipality,250121
WEST BENGAL,BANKURA,Bankura,Municipality,250209
WEST BENGAL,HOOGHLY,Bansberia,Municipality,250170
WEST BENGAL,24 PARAGANAS NORTH,Baranagar,Municipality,250141
WEST BENGAL,24 PARAGANAS NORTH,Barasat,Municipality,250135
WEST BENGAL,PURBA BARDHAMAN,Barddhaman,Municipality,250038
WEST BENGAL,24 PARAGANAS NORTH,Barrackpore,Municipal Council,277279
WEST BENGAL,24 PARAGANAS NORTH,Barrackpur,Municipality,250132
WEST BENGAL,24 PARAGANAS SOUTH,Baruipur,Municipality,250304
WEST BENGAL,24 PARAGANAS NORTH,Basirhat,Municipality,250147
WEST BENGAL,MURSHIDABAD,Beldanga,Municipality,250001
WEST BENGAL,HOOGHLY,Bhadreswar,Municipality,250173
WEST BENGAL,24 PARAGANAS NORTH,Bhatpara,Municipality,250125
WEST BENGAL,24 PARAGANAS NORTH,Bidhannagar,Municipal Corporation,250145
WEST BENGAL,NADIA,Birnagar,Municipality,250100
WEST BENGAL,BANKURA,Bishnupur,Municipality,250210
WEST BENGAL,BIRBHUM,Bolpur,Municipality,250028
WEST BENGAL,24 PARAGANAS SOUTH,Budge Budge,Municipality,250301
WEST BENGAL,DINAJPUR DAKSHIN,Buniadpur,Municipality,289244
WEST BENGAL,NADIA,Chakdaha,Municipality,250103
WEST BENGAL,HOOGHLY,Champdani,Municipality,250174
WEST BENGAL,HOOGHLY,Chandannagar,Municipal Corporation,250172
WEST BENGAL,MEDINIPUR WEST,Chandrakona,Municipality,250226
WEST BENGAL,MEDINIPUR EAST,Contai,Municipality,250236
WEST BENGAL,NADIA,Cooper s Camp,Notified Area Council,250102
WEST BENGAL,PURBA BARDHAMAN,Dainhat,Municipality,250036
WEST BENGAL,DINAJPUR UTTAR,Dalkhola,Municipality,249985
WEST BENGAL,HOOGHLY,Dankuni Municipality,Municipality,298972
WEST BENGAL,DARJEELING,Darjiling,Municipality,249946
WEST BENGAL,MURSHIDABAD,Dhulian,Municipality,249995
WEST BENGAL,JALPAIGURI,Dhupguri,Municipality,249970
WEST BENGAL,24 PARAGANAS SOUTH,Diamond Harbour,Municipality,250305
WEST BENGAL,COOCHBEHAR,Dinhata,Municipality,249977
WEST BENGAL,MURSHIDABAD,Domkal,Municipality,273007
WEST BENGAL,BIRBHUM,Dubrajpur,Municipality,250027
WEST BENGAL,24 PARAGANAS NORTH,Dum Dum,Municipality,250143
WEST BENGAL,PASCHIM BARDHAMAN,Durgapur,Municipal Corporation,250034
WEST BENGAL,MEDINIPUR EAST,Egra,Municipality,250235
WEST BENGAL,MALDAH,English Bazar,Municipality,249991
WEST BENGAL,DINAJPUR DAKSHIN,Gangarampur,Municipality,249988
WEST BENGAL,24 PARAGANAS NORTH,Garulia,Municipality,250129
WEST BENGAL,NADIA,Gayespur,Municipality,250105
WEST BENGAL,MEDINIPUR WEST,Ghatal,Municipality,250229
WEST BENGAL,24 PARAGANAS NORTH,Gobardanga,Municipality,250126
WEST BENGAL,PURBA BARDHAMAN,Guskara,Municipality,250037
WEST BENGAL,24 PARAGANAS NORTH,Habra,Municipality,250127
WEST BENGAL,MEDINIPUR EAST,Haldia,Municipality,250234
WEST BENGAL,COOCHBEHAR,Haldibari,Municipality,249972
WEST BENGAL,24 PARAGANAS NORTH,Halisahar,Municipality,250123
WEST BENGAL,HOWRAH,Haora,Municipal Corporation,250247
WEST BENGAL,NADIA,Haringhata,Municipality,273006
WEST BENGAL,HOOGHLY,Hugli-Chinsurah,Municipality,250171
WEST BENGAL,DINAJPUR UTTAR,Islampur,Municipality,249982
WEST BENGAL,DARJEELING,Jalapahar,Municipal Council,277280
WEST BENGAL,JALPAIGURI,Jalpaiguri,Municipality,249956
WEST BENGAL,MURSHIDABAD,Jangipur,Municipality,249996
WEST BENGAL,24 PARAGANAS SOUTH,Jaynagar Mazilpur,Municipality,250306
WEST BENGAL,PURULIA,Jhalda,Municipality,250214
WEST BENGAL,MEDINIPUR WEST,Jhargram,Municipality,250231
WEST BENGAL,MURSHIDABAD,Jiaganj Azimganj,Municipality,249997
WEST BENGAL,DINAJPUR UTTAR,Kaliaganj,Municipality,249984
WEST BENGAL,DARJEELING,Kalimpong,Municipality,249947
WEST BENGAL,PURBA BARDHAMAN,Kalna,Municipality,250040
WEST BENGAL,NADIA,Kalyani,Municipality,250104
WEST BENGAL,24 PARAGANAS NORTH,Kamarhati,Municipality,250140
WEST BENGAL,24 PARAGANAS NORTH,Kanchrapara,Municipality,250122
WEST BENGAL,MURSHIDABAD,Kandi,Municipality,250000
WEST BENGAL,PURBA BARDHAMAN,Katwa,Municipality,250035
WEST BENGAL,MEDINIPUR WEST,Kharagpur,Municipality,250232
WEST BENGAL,MEDINIPUR WEST,Kharar,Municipality,250228
WEST BENGAL,24 PARAGANAS NORTH,Khardaha,Municipality,250137
WEST BENGAL,COOCHBEHAR,Koch Bihar,Municipality,249975
WEST BENGAL,KOLKATA,Kolkata,Municipal Corporation,250299
WEST BENGAL,HOOGHLY,Konnagar,Municipality,250178
WEST BENGAL,NADIA,Krishnanagar,Municipality,250096
WEST BENGAL,MEDINIPUR WEST,Kshirpai,Municipality,250227
WEST BENGAL,DARJEELING,Kurseong,Municipality,249949
WEST BENGAL,DARJEELING,Labong,Municipal Council,277281
WEST BENGAL,24 PARAGANAS NORTH,Madhyamgram,Municipality,250136
WEST BENGAL,24 PARAGANAS SOUTH,Maheshtala,Municipality,250300
WEST BENGAL,JALPAIGURI,Mal,Municipality,249955
WEST BENGAL,COOCHBEHAR,Mathabhanga,Municipality,249974
WEST BENGAL,MEDINIPUR WEST,Medinipur,Municipality,250230
WEST BENGAL,COOCHBEHAR,Mekliganj,Municipality,249973
WEST BENGAL,PURBA BARDHAMAN,Memari,Municipality,250039
WEST BENGAL,DARJEELING,Mirik,Notified Area Council,249948
WEST BENGAL,MURSHIDABAD,Murshidabad,Municipality,249998
WEST BENGAL,NADIA,Nabadwip,Municipality,250097
WEST BENGAL,24 PARAGANAS NORTH,Naihati,Municipality,250124
WEST BENGAL,BIRBHUM,Nalhati,Municipality,253250
WEST BENGAL,24 PARAGANAS NORTH,New Barrackpur,Municipality,250139
WEST BENGAL,24 PARAGANAS NORTH,North Barrackpur,Municipality,250131
WEST BENGAL,24 PARAGANAS NORTH,North Dum Dum,Municipality,250142
WEST BENGAL,MALDAH,Old Maldah,Municipality,249990
WEST BENGAL,24 PARAGANAS NORTH,Panihati,Municipality,250138
WEST BENGAL,MEDINIPUR EAST,Panskura,Municipality,253229
WEST BENGAL,24 PARAGANAS SOUTH,Pujali,Municipality,250302
WEST BENGAL,PURULIA,Puruliya,Municipality,250215
WEST BENGAL,PURULIA,Raghunathpur,Municipality,250213
WEST BENGAL,DINAJPUR UTTAR,Raiganj,Municipality,249983
WEST BENGAL,24 PARAGANAS SOUTH,Rajpur Sonarpur,Municipality,250303
WEST BENGAL,MEDINIPUR WEST,Ramjibanpur,Municipality,250225
WEST BENGAL,BIRBHUM,Rampurhat,Municipality,250024
WEST BENGAL,NADIA,Ranaghat,Municipality,250101
WEST BENGAL,HOOGHLY,Rishra,Municipality,250177
WEST BENGAL,BIRBHUM,Sainthia,Municipality,250025
WEST BENGAL,NADIA,Santipur,Municipality,250099
WEST BENGAL,HOOGHLY,Serampore,Municipality,250176
WEST BENGAL,JALPAIGURI,Siliguri,Municipal Corporation,249957
WEST BENGAL,BANKURA,Sonamukhi,Municipality,250208
WEST BENGAL,24 PARAGANAS NORTH,South Dum Dum,Municipality,250144
WEST BENGAL,BIRBHUM,Suri,Municipality,250026
WEST BENGAL,NADIA,Taherpur,Notified Area Council,250098
WEST BENGAL,24 PARAGANAS NORTH,Taki,Municipality,250148
WEST BENGAL,MEDINIPUR EAST,Tamluk,Municipality,250233
WEST BENGAL,HOOGHLY,Tarakeswar,Municipality,250169
WEST BENGAL,24 PARAGANAS NORTH,Titagarh,Municipality,250133
WEST BENGAL,COOCHBEHAR,Tufanganj,Municipality,249976
WEST BENGAL,HOWRAH,Uluberia,Municipality,250248
WEST BENGAL,HOOGHLY,Uttarpara Kotrung,Municipality,250179
